review,security_id,nse_symbol,company_name,actual_action,predicted_action,was_standard_constituent,event_class,true_scenarios,false_scenarios,unresolved_scenarios,event_support_fraction,candidate_rank,full_market_cap_usd,ff_market_cap_usd,company_full_mcap_usd,company_ff_mcap_usd,fif,standard_cutoff_min_usd,standard_cutoff_max_usd,mcap_gap_to_cutoff_min_pct,mcap_gap_to_cutoff_max_pct,mcap_gap_to_cutoff_nearest_pct,final_required_ff_mcap_min_usd,final_required_ff_mcap_max_usd,final_ff_eval_min_usd,final_ff_eval_max_usd,ff_gap_to_requirement_min_pct,ff_gap_to_requirement_max_pct,ff_gap_to_requirement_nearest_pct,liquidity_margin_pct,foreign_room,foreign_room_lower_bound,foreign_room_margin_pct,mieu_state,assignment_reasons,final_ff_states,final_epi_states,final_standard_states,final_standard_reasons,boundary_gap_pct,near_boundary_2pct,near_boundary_5pct,near_boundary_10pct,failure_stage,estimated_error_source,attribution_confidence,add_false_positive,add_false_negative,delete_false_positive,delete_false_negative
2023-08,SEC000201,ASTRAL,Astral Limited,ADD,ADD_OR_NONE,False,SCENARIO_SUPPORTED_ONLY,2,6,0,0.25,11,6023020971.951679,2710359437.378256,6023020971.951679,2710359437.378256,0.45,4938626979.417248,5083137276.285168,18.49022846680608,21.95739822128435,18.49022846680608,2469313489.708624,2541568638.142584,2710359437.378256,2710359437.378256,6.64120562012549,9.761658399155927,6.64120562012549,30.0,,0.3945833333333333,24.45833333333333,PASS,PRIOR_LOWER_IN_UPPER_BUFFER,PASS,NOT_APPLICABLE|PASS,NOT_ASSIGNED|PASS,PASS,6.64120562012549,False,False,True,Scenario uncertainty,Market coverage / segment count,LOW,False,True,False,False
2023-08,SEC000408,CGCL,Capri Global Capital Limited,UNCHANGED,ADD,False,DEFINITE_ADD_FALSE_POSITIVE,8,0,0,1.0,2,7993730950.344058,2797805832.62042,7993730950.344058,2797805832.62042,0.35,4938626979.417248,5083137276.285168,57.259788903163276,61.86140365853889,57.259788903163276,2469313489.708624,2541568638.142584,2797805832.62042,2797805832.62042,10.081852232214272,13.302982560977217,10.081852232214272,30.0,,0.9958333333333333,84.58333333333333,PASS,CURRENT_STANDARD_OR_ASSIGNED_FAILED_ABOVE_CUTOFF,PASS,PASS,PASS,PASS,10.081852232214272,False,False,False,Ranking / boundary selection,Market coverage / segment count,LOW,True,False,False,False
2023-08,SEC001520,PFC,Power Finance Corporation Limited,ADD,ADD_OR_NONE,False,SCENARIO_SUPPORTED_ONLY,4,4,0,0.5,10,7132520595.300288,3209634267.88513,7132520595.300288,3209634267.88513,0.45,4938626979.417248,5083137276.285168,40.317292404757566,44.42314888382028,40.317292404757566,2469313489.708624,2541568638.142584,3209634267.88513,3209634267.88513,26.28556316428181,29.98083399543827,26.28556316428181,30.0,,0.25833333333333325,10.833333333333325,PASS,PRIOR_LOWER_IN_UPPER_BUFFER,PASS,NOT_APPLICABLE|PASS,NOT_ASSIGNED|PASS,PASS,26.28556316428181,False,False,False,Scenario uncertainty,Market coverage / segment count,LOW,False,True,False,False
2023-08,SEC001558,POLYCAB,Polycab India Limited,UNCHANGED,ADD,False,DEFINITE_ADD_FALSE_POSITIVE,8,0,0,1.0,6,7534017369.555069,2636906079.344274,7534017369.555069,2636906079.344274,0.35,4938626979.417248,5083137276.285168,48.21589424122421,52.552873520406564,48.21589424122421,2469313489.708624,2541568638.142584,2636906079.344274,2636906079.344274,3.7511259688569387,6.787011464284598,3.7511259688569387,28.33333333333333,,0.5741666666666666,42.41666666666666,PASS,PRIOR_LOWER_IN_UPPER_BUFFER|PRIOR_LOWER_OR_UNASSIGNED_ABOVE_UPPER_BUFFER,PASS,PASS,PASS,PASS,3.7511259688569387,False,True,True,Ranking / boundary selection,FIF / FF-mcap approximation,MEDIUM,True,False,False,False
2023-08,SEC001647,RECLTD,REC Limited,ADD,NONE,False,HARD_MISS,0,8,0,0.0,1071,5137350232.649416,2568675116.324708,5137350232.649416,2568675116.324708,0.5,4938626979.417248,5083137276.285168,1.066525521889261,4.0238563078440315,1.066525521889261,2469313489.708624,2541568638.142584,2568675116.324708,2568675116.324708,1.066525521889261,4.0238563078440315,1.066525521889261,30.0,,0.07249999999999988,-7.7500000000000115,PASS,PRIOR_LOWER_IN_UPPER_BUFFER,PASS,NOT_APPLICABLE,NOT_ASSIGNED,,1.066525521889261,True,True,True,Standard assignment,GMSR / Standard cutoff approximation,MEDIUM,False,True,False,False
2023-08,SEC001968,SUPREMEIND,Supreme Industries Limited,ADD,NONE,False,HARD_MISS,0,8,0,0.0,1274,5387546244.965573,2963150434.7310658,5387546244.965573,2963150434.7310658,0.55,4938626979.417248,5083137276.285168,5.988604126443575,9.089960983473544,5.988604126443575,2469313489.708624,2541568638.142584,2963150434.7310658,2963150434.7310658,16.58746453908797,19.99895708182091,16.58746453908797,12.879432270443566,,0.18291666666666664,3.2916666666666643,PASS,PRIOR_LOWER_IN_UPPER_BUFFER,PASS,NOT_APPLICABLE,NOT_ASSIGNED,,5.988604126443575,False,False,True,Standard assignment,GMSR / Standard cutoff approximation,LOW,False,True,False,False
2023-11,HIST_TATAMTRDVR,TATAMTRDVR,TATA MOTORS LIMITED - DVR,ADD,ADD_OR_NONE,False,UNCERTAINTY_ONLY,0,6,2,0.0,15,2710633695.423979,2575102010.6527796,29377722965.67971,17242001109.293434,0.95,4606476221.821526,4859881910.99962,504.49458451217924,537.7482820059573,504.49458451217924,2303238110.910763,2429940955.49981,1287551005.3263898,2575102010.6527796,-47.0130744365533,11.80355163689586,0.0,,,,,UNRESOLVED,CURRENT_STANDARD_OR_ASSIGNED_FAILED_ABOVE_CUTOFF,FAIL|PASS,UNRESOLVED,FAIL|UNRESOLVED,EPI_UNRESOLVED|FF_MCAP_FAIL,0.0,True,True,True,MIEU / investability,Foreign room,HIGH,False,True,False,False
2023-11,SEC000044,ADANIENSOL,Adani Energy Solutions Limited,UNCHANGED,ADD,False,DEFINITE_ADD_FALSE_POSITIVE,8,0,0,1.0,1,10247373799.202667,3586580829.7209334,10247373799.202667,3586580829.7209334,0.35,4606476221.821526,4859881910.99962,110.85643616173596,122.45580582093135,110.85643616173596,2303238110.910763,2429940955.49981,3586580829.7209334,3586580829.7209334,47.599505313215154,55.719064074651925,47.599505313215154,30.0,,0.12000000000000009,-2.999999999999991,PASS,CURRENT_STANDARD_OR_ASSIGNED_FAILED_ABOVE_CUTOFF,PASS,PASS,PASS,PASS,47.599505313215154,False,False,False,Ranking / boundary selection,Foreign room,LOW,True,False,False,False
2023-11,SEC000373,CANBK,Canara Bank,UNCHANGED,ADD,False,DEFINITE_ADD_FALSE_POSITIVE,8,0,0,1.0,3,8101724022.089604,3240689608.835842,8101724022.089604,3240689608.835842,0.4,4606476221.821526,4859881910.99962,66.7061910239538,75.87682280244059,66.7061910239538,2303238110.910763,2429940955.49981,3240689608.835842,3240689608.835842,33.36495281916307,40.70145824195248,33.36495281916307,30.0,0.47750000000000004,0.47750000000000004,32.75,PASS,PRIOR_LOWER_OR_UNASSIGNED_ABOVE_UPPER_BUFFER,PASS,PASS,PASS,PASS,33.36495281916307,False,False,False,Ranking / boundary selection,Market coverage / segment count,LOW,True,False,False,False
2023-11,SEC000408,CGCL,Capri Global Capital Limited,UNCHANGED,ADD,False,DEFINITE_ADD_FALSE_POSITIVE,8,0,0,1.0,4,7479649267.845743,2617877243.74601,7479649267.845743,2617877243.74601,0.35,4606476221.821526,4859881910.99962,53.90598794009107,62.37247100969703,53.90598794009107,2303238110.910763,2429940955.49981,2617877243.74601,2617877243.74601,7.734191558063741,13.660729706787912,7.734191558063741,30.0,,0.9729166666666667,82.29166666666667,PASS,PRIOR_LOWER_OR_UNASSIGNED_ABOVE_UPPER_BUFFER,PASS,PASS,PASS,PASS,7.734191558063741,False,False,True,Ranking / boundary selection,Market coverage / segment count,LOW,True,False,False,False
2023-11,SEC001509,PAYTM,One 97 Communications Limited,ADD,ADD_OR_NONE,False,SCENARIO_SUPPORTED_ONLY,4,4,0,0.5,10,7222194150.191042,6861084442.68149,7222194150.191042,6861084442.68149,0.95,4606476221.821526,4859881910.99962,48.608428814796476,56.78348920978888,48.608428814796476,2303238110.910763,2429940955.49981,3430542221.340745,6861084442.68149,41.178007374056655,197.88862949859887,41.178007374056655,20.0,,-1.987916666666667,-213.79166666666669,UNRESOLVED,PRIOR_LOWER_IN_UPPER_BUFFER|PRIOR_LOWER_OR_UNASSIGNED_ABOVE_UPPER_BUFFER,PASS,PASS,PASS,PASS,41.178007374056655,False,False,False,Scenario uncertainty,Foreign room,HIGH,False,True,False,False
2023-11,SEC001518,PERSISTENT,Persistent Systems Limited,ADD,ADD_OR_NONE,False,SCENARIO_SUPPORTED_ONLY,2,4,2,0.25,11,5280583419.650569,3432379222.77287,5280583419.650569,3432379222.77287,0.65,4606476221.821526,4859881910.99962,8.656619982859116,14.633901606518718,8.656619982859116,2303238110.910763,2429940955.49981,1716189611.386435,3432379222.77287,-29.37319701114157,49.02407208847435,0.0,20.0,,0.06541666666666664,-8.458333333333336,UNRESOLVED,PRIOR_LOWER_IN_UPPER_BUFFER,PASS|UNRESOLVED,PASS,PASS|UNRESOLVED,FF_MCAP_UNRESOLVED|PASS,0.0,True,True,True,Scenario uncertainty,Foreign room,HIGH,False,True,False,False
2023-11,SEC001546,PNB,Punjab National Bank,UNCHANGED,ADD,False,DEFINITE_ADD_FALSE_POSITIVE,8,0,0,1.0,7,9812336685.412888,2943701005.623866,9812336685.412888,2943701005.623866,0.3,4606476221.821526,4859881910.99962,101.9048377122934,113.01177327108451,101.9048377122934,2303238110.910763,2429940955.49981,2943701005.623866,2943701005.623866,21.14290262737604,27.80706396265069,21.14290262737604,30.0,0.8544999999999999,0.8544999999999999,70.44999999999999,PASS,CURRENT_STANDARD_OR_ASSIGNED_FAILED_ABOVE_CUTOFF|PRIOR_LOWER_OR_UNASSIGNED_ABOVE_UPPER_BUFFER,PASS,PASS,PASS,PASS,21.14290262737604,False,False,False,Ranking / boundary selection,Market coverage / segment count,LOW,True,False,False,False
2023-11,SEC001984,SUZLON,Suzlon Energy Limited,ADD,NONE,False,HARD_MISS,0,8,0,0.0,1307,5059944340.858423,4553949906.772581,5059944340.858423,4553949906.772581,0.9,4606476221.821526,4859881910.99962,4.116610928467024,9.844143271352523,4.116610928467024,2303238110.910763,2429940955.49981,4553949906.772581,4553949906.772581,87.40989967124067,97.71945788843455,87.40989967124067,30.0,,0.33541666666666664,18.541666666666664,PASS,PRIOR_LOWER_IN_UPPER_BUFFER,PASS,NOT_APPLICABLE,NOT_ASSIGNED,,4.116610928467024,False,True,True,Standard assignment,GMSR / Standard cutoff approximation,MEDIUM,False,True,False,False
2024-02,HIST_TATAMTRDVR,,,UNCHANGED,DELETE,True,DEFINITE_DELETE_FALSE_POSITIVE,0,8,0,1.0,1,3329084535.3947916,3162630308.625052,3329084535.3947916,3162630308.625052,0.95,5025982176.128666,5512950303.676089,-39.61337664925212,-33.762508128131365,-33.762508128131365,,,,,,,,,0.7657,0.7657,61.57000000000001,FAIL,,,,,,-33.762508128131365,False,False,False,Standard assignment,Market coverage / segment count,LOW,False,False,True,False
2024-02,SEC000044,ADANIENSOL,Adani Energy Solutions Limited,UNCHANGED,ADD,False,DEFINITE_ADD_FALSE_POSITIVE,8,0,0,1.0,1,14289393970.838556,4286818191.251567,14289393970.838556,4286818191.251567,0.3,5025982176.128666,5512950303.676089,159.19685801104083,184.31047843160408,159.19685801104083,2512991088.064333,2756475151.8380446,4286818191.251567,4286818191.251567,55.518114806624496,70.58628705896245,55.518114806624496,30.0,,0.22416666666666663,7.416666666666664,PASS,PRIOR_LOWER_OR_UNASSIGNED_ABOVE_UPPER_BUFFER,PASS,PASS,PASS,PASS,55.518114806624496,False,False,False,Ranking / boundary selection,Market coverage / segment count,LOW,True,False,False,False
2024-02,SEC000106,ALKEM,Alkem Laboratories Limited,UNCHANGED,ADD,False,DEFINITE_ADD_FALSE_POSITIVE,8,0,0,1.0,2,7092243679.518015,3191509655.783107,7092243679.518015,3191509655.783107,0.45,5025982176.128666,5512950303.676089,28.646972833925922,41.11159632048111,28.646972833925922,2512991088.064333,2756475151.8380446,3191509655.783107,3191509655.783107,15.782275550533331,27.000436688432995,15.782275550533331,30.0,,0.6437499999999999,49.375,PASS,CURRENT_STANDARD_OR_ASSIGNED_FAILED_ABOVE_CUTOFF|PRIOR_LOWER_IN_UPPER_BUFFER,PASS,PASS,PASS,PASS,15.782275550533331,False,False,False,Ranking / boundary selection,Market coverage / segment count,LOW,True,False,False,False
2024-02,SEC000206,ATGL,Adani Total Gas Limited,UNCHANGED,ADD,False,DEFINITE_ADD_FALSE_POSITIVE,8,0,0,1.0,3,12998972128.875463,3899691638.6626387,12998972128.875463,3899691638.6626387,0.3,5025982176.128666,5512950303.676089,135.78975707812245,158.6354601617013,135.78975707812245,2512991088.064333,2756475151.8380446,3899691638.6626387,3899691638.6626387,41.473854246873444,55.18127609702077,41.473854246873444,30.0,,0.4504166666666667,30.04166666666667,PASS,CURRENT_STANDARD_OR_ASSIGNED_FAILED_ABOVE_CUTOFF|PRIOR_LOWER_OR_UNASSIGNED_ABOVE_UPPER_BUFFER,PASS,PASS,PASS,PASS,41.473854246873444,False,False,False,Ranking / boundary selection,Market coverage / segment count,LOW,True,False,False,False
2024-02,SEC000373,CANBK,Canara Bank,UNCHANGED,ADD,False,DEFINITE_ADD_FALSE_POSITIVE,8,0,0,1.0,5,9994580648.45249,3997832259.380996,9994580648.45249,3997832259.380996,0.4,5025982176.128666,5512950303.676089,81.29277606199364,98.85825890753472,81.29277606199364,2512991088.064333,2756475151.8380446,3997832259.380996,3997832259.380996,45.034220849594895,59.08660712602778,45.034220849594895,30.0,0.427,0.427,27.699999999999996,PASS,PRIOR_LOWER_OR_UNASSIGNED_ABOVE_UPPER_BUFFER,PASS,PASS,PASS,PASS,45.034220849594895,False,False,False,Ranking / boundary selection,Market coverage / segment count,LOW,True,False,False,False
2024-02,SEC000727,GMRAIRPORT,GMR AIRPORTS LIMITED,ADD,ADD_OR_NONE,False,SCENARIO_SUPPORTED_ONLY,4,4,0,0.5,10,6073854247.29782,2733234411.284019,6073854247.29782,2733234411.284019,0.45,5025982176.128666,5512950303.676089,10.174297113611107,20.849100423517463,10.174297113611107,2512991088.064333,2756475151.8380446,2733234411.284019,2733234411.284019,-0.843132597750007,8.764190381165715,0.0,30.0,,-0.17875000000000021,-32.87500000000002,PASS,PRIOR_LOWER_IN_UPPER_BUFFER,FAIL|PASS,NOT_APPLICABLE|PASS,NOT_ASSIGNED|PASS,FF_MCAP_FAIL|PASS,0.0,True,True,True,Scenario uncertainty,Foreign room,HIGH,False,True,False,False
2024-02,SEC001030,JSWENERGY,JSW Energy Limited,UNCHANGED,ADD,False,DEFINITE_ADD_FALSE_POSITIVE,8,0,0,1.0,6,9466352768.288187,2839905830.486456,9466352768.288187,2839905830.486456,0.3,5025982176.128666,5512950303.676089,71.7111935867793,88.34831554416253,71.7111935867793,2512991088.064333,2756475151.8380446,2839905830.486456,2839905830.486456,3.0267161520675767,13.008989326497522,3.0267161520675767,30.0,,0.6374999999999998,48.749999999999986,PASS,CURRENT_STANDARD_OR_ASSIGNED_FAILED_ABOVE_CUTOFF|PRIOR_LOWER_OR_UNASSIGNED_ABOVE_UPPER_BUFFER,PASS,PASS,PASS,PASS,3.0267161520675767,False,True,True,Ranking / boundary selection,FIF / FF-mcap approximation,MEDIUM,True,False,False,False
2024-05,SEC000044,ADANIENSOL,Adani Energy Solutions Limited,UNCHANGED,ADD,False,DEFINITE_ADD_FALSE_POSITIVE,8,0,0,1.0,1,14022402752.239222,4206720825.6717663,14022402752.239222,4206720825.6717663,0.3,5129716687.550614,5827476353.653618,140.6256482439037,173.35628079169362,140.6256482439037,2564858343.775307,2913738176.826809,4206720825.6717663,4206720825.6717663,44.375388946342234,64.01376847501616,44.375388946342234,28.33333333333333,,0.22875000000000004,7.8750000000000036,PASS,PRIOR_LOWER_OR_UNASSIGNED_ABOVE_UPPER_BUFFER,PASS,PASS,PASS,PASS,44.375388946342234,False,False,False,Ranking / boundary selection,Market coverage / segment count,LOW,True,False,False,False
2024-05,SEC000206,ATGL,Adani Total Gas Limited,UNCHANGED,ADD,False,DEFINITE_ADD_FALSE_POSITIVE,8,0,0,1.0,2,12195282081.626652,3658584624.4879956,12195282081.626652,3658584624.4879956,0.3,5129716687.550614,5827476353.653618,109.272098958937,137.73792636976546,109.272098958937,2564858343.775307,2913738176.826809,3658584624.4879956,3658584624.4879956,25.56325937536219,42.64275582185928,25.56325937536219,28.33333333333333,,0.44666666666666655,29.666666666666657,PASS,PRIOR_LOWER_OR_UNASSIGNED_ABOVE_UPPER_BUFFER,PASS,PASS,PASS,PASS,25.56325937536219,False,False,False,Ranking / boundary selection,Market coverage / segment count,LOW,True,False,False,False
2024-05,SEC000269,BANDHANBNK,Bandhan Bank Limited,UNCHANGED,DELETE,True,DEFINITE_DELETE_FALSE_POSITIVE,0,8,0,1.0,1,3347382069.3272743,2008429241.5963645,3347382069.3272743,2008429241.5963645,0.6,5129716687.550614,5827476353.653618,-42.55863316839395,-34.74528374147668,-34.74528374147668,1709905562.5168715,1942492117.8845391,2008429241.5963645,2008429241.5963645,3.3944602968908777,17.45848926534197,3.3944602968908777,30.0,,-0.3208333333333334,-47.08333333333334,PASS,,PASS,NOT_APPLICABLE,NOT_ASSIGNED,,3.3944602968908777,False,True,True,Standard assignment,Market coverage / segment count,LOW,False,False,True,False
2024-05,SEC000300,BERGEPAINT,Berger Paints (I) Limited,DELETE,KEEP_OR_DELETE,True,SCENARIO_SUPPORTED_ONLY,4,4,0,0.5,4,7401569912.010399,1850392478.0025997,7401569912.010399,1850392478.0025997,0.25,5129716687.550614,5827476353.653618,27.011582078233243,44.288083783913024,27.011582078233243,1709905562.5168715,1942492117.8845391,1850392478.0025997,1850392478.0025997,-4.741313441325056,8.216062837934768,0.0,30.0,,0.5437500000000001,39.37500000000001,PASS,CURRENT_STANDARD_OR_ASSIGNED_FAILED_ABOVE_CUTOFF,FAIL|PASS,NOT_APPLICABLE,FAIL|PASS,FF_MCAP_FAIL|PASS,0.0,True,True,True,Scenario uncertainty,FIF / FF-mcap approximation,MEDIUM,False,False,False,True
2024-05,SEC000894,IGL,Indraprastha Gas Limited,DELETE,KEEP_OR_DELETE,True,SCENARIO_SUPPORTED_ONLY,4,4,0,0.5,5,3871161032.774986,1935580516.387493,3871161032.774986,1935580516.387493,0.5,5129716687.550614,5827476353.653618,-33.57054069643874,-24.534603593801506,-24.534603593801506,1709905562.5168715,1942492117.8845391,1935580516.387493,1935580516.387493,-0.3558110446581053,13.198094609297751,0.0,28.33333333333333,,0.2858333333333332,13.583333333333321,PASS,CURRENT_STANDARD_OR_ASSIGNED_FAILED_IN_LOWER_BUFFER,FAIL|PASS,NOT_APPLICABLE,NOT_ASSIGNED|PASS,FF_MCAP_FAIL|PASS,0.0,True,True,True,Scenario uncertainty,FIF / FF-mcap approximation,MEDIUM,False,False,False,True
2024-05,SEC001026,JSL,Jindal Stainless Limited,ADD,ADD_OR_NONE,False,SCENARIO_SUPPORTED_ONLY,2,6,0,0.25,17,6627926149.230989,2982566767.1539454,6627926149.230989,2982566767.1539454,0.45,5129716687.550614,5827476353.653618,13.735787963781586,29.206475775093033,13.735787963781586,2564858343.775307,2913738176.826809,2982566767.1539454,2982566767.1539454,2.3622091674034396,16.28582819758373,2.3622091674034396,30.0,,0.01374999999999999,-13.625000000000002,PASS,PRIOR_LOWER_IN_UPPER_BUFFER,PASS,NOT_APPLICABLE|PASS,NOT_ASSIGNED|PASS,PASS,2.3622091674034396,False,True,True,Scenario uncertainty,Foreign room,HIGH,False,True,False,False
2024-05,SEC001528,PHOENIXLTD,The Phoenix Mills Limited,ADD,ADD_OR_NONE,False,SCENARIO_SUPPORTED_ONLY,4,4,0,0.5,13,6682710706.444956,3675490888.544726,6682710706.444956,3675490888.544726,0.55,5129716687.550614,5827476353.653618,14.675895720368516,30.274459848110634,14.675895720368516,2564858343.775307,2913738176.826809,3675490888.544726,3675490888.544726,26.143485292405355,43.301905832921705,26.143485292405355,30.0,,-0.3733333333333334,-52.33333333333334,PASS,PRIOR_LOWER_IN_UPPER_BUFFER,PASS,NOT_APPLICABLE|PASS,NOT_ASSIGNED|PASS,PASS,14.675895720368516,False,False,False,Scenario uncertainty,Foreign room,HIGH,False,True,False,False
2024-05,SEC001557,POLICYBZR,PB Fintech Limited,ADD,ADD_OR_NONE,False,SCENARIO_SUPPORTED_ONLY,4,4,0,0.5,14,6630740140.007245,6299203133.006883,6630740140.007245,6299203133.006883,0.95,5129716687.550614,5827476353.653618,13.784076289730617,29.261332426008767,13.784076289730617,2564858343.775307,2913738176.826809,6299203133.006883,6299203133.006883,116.18974495048819,145.59653160941664,116.18974495048819,28.33333333333333,,-0.9812500000000002,-113.12500000000001,PASS,PRIOR_LOWER_IN_UPPER_BUFFER,PASS,NOT_APPLICABLE|PASS,NOT_ASSIGNED|PASS,PASS,13.784076289730617,False,False,False,Scenario uncertainty,Foreign room,HIGH,False,True,False,False
2024-05,SEC001888,SOLARINDS,Solar Industries India Limited,ADD,ADD_OR_NONE,False,SCENARIO_SUPPORTED_ONLY,4,4,0,0.5,15,9152779459.133667,2745833837.7401,9152779459.133667,2745833837.7401,0.3,5129716687.550614,5827476353.653618,57.06248989573683,78.42660748393149,57.06248989573683,2564858343.775307,2913738176.826809,2745833837.7401,2745833837.7401,-5.762506062557904,7.055964490358879,0.0,30.0,,0.73875,58.875,PASS,PRIOR_LOWER_OR_UNASSIGNED_ABOVE_UPPER_BUFFER,FAIL|PASS,PASS,FAIL|PASS,FF_MCAP_FAIL|PASS,0.0,True,True,True,Scenario uncertainty,FIF / FF-mcap approximation,MEDIUM,False,True,False,False
2024-05,SEC002057,THERMAX,Thermax Limited,ADD,NONE,False,HARD_MISS,0,8,0,0.0,1404,6653768139.433201,1996130441.82996,6653768139.433201,1996130441.82996,0.3,5129716687.550614,5827476353.653618,14.179238758498403,29.710246095682624,14.179238758498403,2564858343.775307,2913738176.826809,1996130441.82996,1996130441.82996,-31.492456744900966,-22.17385234259043,-22.17385234259043,27.255028953656897,,0.4770833333333333,32.70833333333333,PASS,PRIOR_LOWER_IN_UPPER_BUFFER,FAIL,NOT_APPLICABLE|PASS,FAIL|NOT_ASSIGNED,FF_MCAP_FAIL,14.179238758498403,False,False,False,Final FF requirement,FIF / FF-mcap approximation,LOW,False,True,False,False
2024-08,SEC000044,ADANIENSOL,Adani Energy Solutions Limited,UNCHANGED,ADD,False,DEFINITE_ADD_FALSE_POSITIVE,8,0,0,1.0,1,13487152113.185333,4046145633.9556,13487152113.185333,4046145633.9556,0.3,5651946318.601434,6356240983.506694,112.18755154472709,138.62845386193814,112.18755154472709,2825973159.300717,3178120491.753347,4046145633.9556,4046145633.9556,27.31253092683623,43.17707231716288,27.31253092683623,30.0,,0.3270833333333334,17.708333333333343,PASS,PRIOR_LOWER_OR_UNASSIGNED_ABOVE_UPPER_BUFFER,PASS,PASS,PASS,PASS,27.31253092683623,False,False,False,Ranking / boundary selection,Market coverage / segment count,LOW,True,False,False,False
2024-08,SEC000206,ATGL,Adani Total Gas Limited,UNCHANGED,ADD,False,DEFINITE_ADD_FALSE_POSITIVE,8,0,0,1.0,2,11713729271.510735,3514118781.4532204,11713729271.510735,3514118781.4532204,0.3,5651946318.601434,6356240983.506694,84.28705428107214,107.2512478216403,84.28705428107214,2825973159.300717,3178120491.753347,3514118781.4532204,3514118781.4532204,10.57223256864328,24.35074869298419,10.57223256864328,30.0,,0.4541666666666665,30.41666666666665,PASS,PRIOR_LOWER_OR_UNASSIGNED_ABOVE_UPPER_BUFFER,PASS,PASS,PASS,PASS,10.57223256864328,False,False,False,Ranking / boundary selection,Market coverage / segment count,LOW,True,False,False,False
2024-08,SEC000269,BANDHANBNK,Bandhan Bank Limited,DELETE,KEEP_OR_DELETE,True,SCENARIO_SUPPORTED_ONLY,2,6,0,0.75,1,3776827216.3075047,2266096329.7845025,3776827216.3075047,2266096329.7845025,0.6,5651946318.601434,6356240983.506694,-40.58080513140244,-33.17652002678477,-33.17652002678477,1883982106.2004778,2118746994.5022311,2266096329.7845025,2266096329.7845025,6.954550763475598,20.282263951787407,6.954550763475598,30.0,,-0.3208333333333334,-47.08333333333334,PASS,CURRENT_STANDARD_OR_ASSIGNED_FAILED_IN_LOWER_BUFFER,PASS,NOT_APPLICABLE,NOT_ASSIGNED|PASS,PASS,6.954550763475598,False,False,True,Scenario uncertainty,Foreign room,HIGH,False,False,False,True
2024-08,SEC001583,PRESTIGE,Prestige Estates Projects Limited,ADD,ADD_OR_NONE,False,SCENARIO_SUPPORTED_ONLY,2,6,0,0.25,10,8425701763.494623,2948995617.223118,8425701763.494623,2948995617.223118,0.35,5651946318.601434,6356240983.506694,32.55793456160345,49.07611092774058,32.55793456160345,2825973159.300717,3178120491.753347,2948995617.223118,2948995617.223118,-7.20944580687759,4.353277649418397,0.0,30.0,,0.32375,17.375,PASS,PRIOR_LOWER_IN_UPPER_BUFFER,FAIL|PASS,PASS,FAIL|PASS,FF_MCAP_FAIL|PASS,0.0,True,True,True,Scenario uncertainty,FIF / FF-mcap approximation,MEDIUM,False,True,False,False
2024-11,SEC000044,ADANIENSOL,Adani Energy Solutions Limited,UNCHANGED,ADD,False,DEFINITE_ADD_FALSE_POSITIVE,8,0,0,1.0,1,14910666762.525003,5218733366.883751,14910666762.525003,5218733366.883751,0.35,5677442663.943726,6531450670.205524,128.2902760108546,162.6299840458027,128.2902760108546,2838721331.971863,3265725335.102762,5218733366.883751,5218733366.883751,59.80319320759819,83.8409888320619,59.80319320759819,30.0,,0.14083333333333334,-0.9166666666666661,PASS,PRIOR_LOWER_OR_UNASSIGNED_ABOVE_UPPER_BUFFER,PASS,PASS,PASS,PASS,59.80319320759819,False,False,False,Ranking / boundary selection,Foreign room,LOW,True,False,False,False
2024-11,SEC000106,ALKEM,Alkem Laboratories Limited,ADD,ADD_OR_NONE,False,SCENARIO_SUPPORTED_ONLY,4,4,0,0.5,2,8723724947.90099,3925676226.555445,8723724947.90099,3925676226.555445,0.45,5677442663.943726,6531450670.205524,33.5648906864741,53.65588812201625,33.5648906864741,2838721331.971863,3265725335.102762,3925676226.555445,3925676226.555445,20.208401617826688,38.29029930981462,20.208401617826688,30.0,,0.62,47.0,PASS,PRIOR_LOWER_IN_UPPER_BUFFER|PRIOR_LOWER_OR_UNASSIGNED_ABOVE_UPPER_BUFFER,PASS,NOT_APPLICABLE|PASS,NOT_ASSIGNED|PASS,PASS,20.208401617826688,False,False,False,Scenario uncertainty,Market coverage / segment count,LOW,False,True,False,False
2024-11,SEC000361,BSE,BSE Limited,ADD,NONE,False,HARD_MISS,0,8,0,0.0,247,5308079154.0164585,4246463323.213167,5308079154.0164585,4246463323.213167,0.8,5677442663.943726,6531450670.205524,-18.73047165110979,-6.505807839734235,-6.505807839734235,2838721331.971863,3265725335.102762,4246463323.213167,4246463323.213167,30.031245358224346,49.59070745642524,30.031245358224346,30.0,,0.22625000000000006,7.625000000000007,PASS,,PASS,NOT_APPLICABLE,NOT_ASSIGNED,,-6.505807839734235,False,False,True,Standard assignment,GMSR / Standard cutoff approximation,LOW,False,True,False,False
2024-11,SEC001053,KALYANKJIL,Kalyan Jewellers India Limited,ADD,ADD_OR_NONE,False,SCENARIO_SUPPORTED_ONLY,4,4,0,0.5,3,8820594010.020824,3528237604.00833,8820594010.020824,3528237604.00833,0.4,5677442663.943726,6531450670.205524,35.04800779186268,55.36209755210051,35.04800779186268,2838721331.971863,3265725335.102762,3528237604.00833,3528237604.00833,8.038406233490146,24.289678041680407,8.038406233490146,30.0,0.8395,0.8395,68.95,PASS,PRIOR_LOWER_IN_UPPER_BUFFER|PRIOR_LOWER_OR_UNASSIGNED_ABOVE_UPPER_BUFFER,PASS,NOT_APPLICABLE|PASS,NOT_ASSIGNED|PASS,PASS,8.038406233490146,False,False,True,Scenario uncertainty,Market coverage / segment count,LOW,False,True,False,False
2024-11,SEC001443,OBEROIRLTY,Oberoi Realty Limited,ADD,ADD_OR_NONE,False,SCENARIO_SUPPORTED_ONLY,2,6,0,0.25,8,8355335510.812793,2924367428.784477,8355335510.812793,2924367428.784477,0.35,5677442663.943726,6531450670.205524,27.924651546819025,47.16723717662206,27.924651546819025,2838721331.971863,3265725335.102762,2924367428.784477,2924367428.784477,-10.452743917226693,3.0170660236354285,0.0,30.0,,0.22875000000000004,7.8750000000000036,PASS,PRIOR_LOWER_IN_UPPER_BUFFER,FAIL|PASS,NOT_APPLICABLE|PASS,FAIL|NOT_ASSIGNED|PASS,FF_MCAP_FAIL|PASS,0.0,True,True,True,Scenario uncertainty,FIF / FF-mcap approximation,MEDIUM,False,True,False,False
2024-11,SEC002219,VOLTAS,Voltas Limited,ADD,ADD_OR_NONE,False,SCENARIO_SUPPORTED_ONLY,4,4,0,0.5,4,7342907797.064737,5140035457.945315,7342907797.064737,5140035457.945315,0.7,5677442663.943726,6531450670.205524,12.423842234020555,29.33477679480656,12.423842234020555,2838721331.971863,3265725335.102762,5140035457.945315,5140035457.945315,57.39337912762876,81.06868751272917,57.39337912762876,30.0,,0.34374999999999983,19.374999999999986,PASS,PRIOR_LOWER_IN_UPPER_BUFFER,PASS,NOT_APPLICABLE|PASS,NOT_ASSIGNED|PASS,PASS,12.423842234020555,False,False,False,Scenario uncertainty,Market coverage / segment count,LOW,False,True,False,False
2025-02,SEC000044,ADANIENSOL,Adani Energy Solutions Limited,UNCHANGED,ADD,False,DEFINITE_ADD_FALSE_POSITIVE,8,0,0,1.0,1,11319829412.929222,3961940294.5252275,11319829412.929222,3961940294.5252275,0.35,5423253072.450913,6077380252.760972,86.26166114563244,108.72766329920664,86.26166114563244,2711626536.2254567,3038690126.380486,3961940294.5252275,3961940294.5252275,30.38316280194271,46.10936430944466,30.38316280194271,30.0,,0.17874999999999985,2.874999999999986,PASS,PRIOR_LOWER_OR_UNASSIGNED_ABOVE_UPPER_BUFFER,PASS,PASS,PASS,PASS,30.38316280194271,False,False,False,Ranking / boundary selection,Foreign room,LOW,True,False,False,False
2025-02,SEC000046,ADANIGREEN,Adani Green Energy Limited,DELETE,KEEP,True,HARD_MISS,8,0,0,0.0,13,19519304152.07574,7807721660.8302965,19519304152.07574,7807721660.8302965,0.4,5423253072.450913,6077380252.760972,221.17957640067138,259.9187404923083,221.17957640067138,1807751024.1503043,2025793417.5869906,7807721660.8302965,7807721660.8302965,285.41549168080564,331.9024885907701,285.41549168080564,30.0,,0.27749999999999997,12.749999999999996,PASS,CURRENT_STANDARD_OR_ASSIGNED_FAILED_ABOVE_CUTOFF,PASS,NOT_APPLICABLE,PASS,PASS,221.17957640067138,False,False,False,Membership / continuity,True MSCI discretion / unexplained,UNEXPLAINED,False,False,False,True
2025-02,SEC001871,SIYSIL,Siyaram Silk Mills Limited,UNCHANGED,ADD,False,DEFINITE_ADD_FALSE_POSITIVE,8,0,0,1.0,3,9982372922.703669,3493830522.946284,9982372922.703669,3493830522.946284,0.35,5423253072.450913,6077380252.760972,64.25453908645335,84.06614608143977,64.25453908645335,2711626536.2254567,3038690126.380486,3493830522.946284,3493830522.946284,14.978177360517343,28.84630225700784,14.978177360517343,30.0,,0.8904166666666667,74.04166666666667,PASS,CURRENT_STANDARD_OR_ASSIGNED_FAILED_ABOVE_CUTOFF,PASS,PASS,PASS,PASS,14.978177360517343,False,False,False,Ranking / boundary selection,Market coverage / segment count,LOW,True,False,False,False
2025-02,SEC001992,SWIGGY,Swiggy Limited,UNCHANGED,ADD,False,DEFINITE_ADD_FALSE_POSITIVE,8,0,0,1.0,4,12390855568.747301,12390855568.747301,12390855568.747301,12390855568.747301,1.0,5423253072.450913,6077380252.760972,103.88481637491908,128.4764403064735,103.88481637491908,2711626536.2254567,3038690126.380486,12390855568.747301,12390855568.747301,307.7696327498382,356.952880612947,307.7696327498382,20.0,0.2754,0.2754,12.54,PASS,NEWLY_INVESTABLE_ABOVE_CUTOFF,PASS,PASS,PASS,PASS,103.88481637491908,False,False,False,Ranking / boundary selection,Market coverage / segment count,LOW,True,False,False,False
2025-02,SEC002057,THERMAX,Thermax Limited,UNCHANGED,DELETE,True,DEFINITE_DELETE_FALSE_POSITIVE,0,8,0,1.0,1,5454866975.49266,1636460092.6477978,5454866975.49266,1636460092.6477978,0.3,5423253072.450913,6077380252.760972,-10.24311876791818,0.582932469117825,0.0,1807751024.1503043,2025793417.5869906,1636460092.6477978,1636460092.6477978,-19.218806891126363,-9.475360777793963,-9.475360777793963,30.0,,0.34208333333333324,19.20833333333332,PASS,CURRENT_STANDARD_OR_ASSIGNED_FAILED_ABOVE_CUTOFF|CURRENT_STANDARD_OR_ASSIGNED_FAILED_IN_LOWER_BUFFER,FAIL,NOT_APPLICABLE,FAIL,FF_MCAP_FAIL,0.0,True,True,True,Final FF requirement,FIF / FF-mcap approximation,MEDIUM,False,False,True,False
2025-02,SEC002229,WAAREEENER,Waaree Energies Limited,UNCHANGED,ADD,False,DEFINITE_ADD_FALSE_POSITIVE,8,0,0,1.0,5,8743041296.60581,3497216518.6423244,8743041296.60581,3497216518.6423244,0.4,5423253072.450913,6077380252.760972,43.86200851318824,61.21396475150285,43.86200851318824,2711626536.2254567,3038690126.380486,3497216518.6423244,3497216518.6423244,15.089606810550604,28.971171801202278,15.089606810550604,20.0,,0.8175,66.75,PASS,NEWLY_INVESTABLE_ABOVE_CUTOFF,PASS,PASS,PASS,PASS,15.089606810550604,False,False,False,Ranking / boundary selection,Market coverage / segment count,LOW,True,False,False,False
2025-05,SEC000044,ADANIENSOL,Adani Energy Solutions Limited,UNCHANGED,ADD,False,DEFINITE_ADD_FALSE_POSITIVE,8,0,0,1.0,1,12825813604.623323,4489034761.618163,12825813604.623323,4489034761.618163,0.35,5387643697.787152,6218978569.982413,106.23665864569128,138.05979615710712,106.23665864569128,2693821848.893576,3109489284.9912066,4489034761.618163,4489034761.618163,44.36566105198389,66.64185730997498,44.36566105198389,28.38709677419355,,0.20791666666666667,5.791666666666668,PASS,PRIOR_LOWER_OR_UNASSIGNED_ABOVE_UPPER_BUFFER,PASS,PASS,PASS,PASS,44.36566105198389,False,False,False,Ranking / boundary selection,Market coverage / segment count,LOW,True,False,False,False
2025-05,SEC000046,ADANIGREEN,Adani Green Energy Limited,UNCHANGED,ADD,False,DEFINITE_ADD_FALSE_POSITIVE,8,0,0,1.0,2,17522864544.58459,7009145817.833837,17522864544.58459,7009145817.833837,0.4,5387643697.787152,6218978569.982413,181.76435000376827,225.24171098734115,181.76435000376827,2693821848.893576,3109489284.9912066,7009145817.833837,7009145817.833837,125.41148000301465,160.19336878987295,125.41148000301465,28.38709677419355,,0.32791666666666663,17.791666666666664,PASS,PRIOR_LOWER_OR_UNASSIGNED_ABOVE_UPPER_BUFFER,PASS,PASS,PASS,PASS,125.41148000301465,False,False,False,Ranking / boundary selection,Market coverage / segment count,LOW,True,False,False,False
2025-05,SEC000452,COROMANDEL,Coromandel International Limited,ADD,ADD_OR_NONE,False,SCENARIO_SUPPORTED_ONLY,2,6,0,0.25,5,7289117057.4941,3280102675.872345,7289117057.4941,3280102675.872345,0.45,5387643697.787152,6218978569.982413,17.207624619853167,35.2932277330799,17.207624619853167,2693821848.893576,3109489284.9912066,3280102675.872345,3280102675.872345,5.486862157867867,21.763904959771917,5.486862157867867,28.38709677419355,,0.5541666666666667,40.41666666666667,PASS,PRIOR_LOWER_IN_UPPER_BUFFER,PASS,NOT_APPLICABLE|PASS,NOT_ASSIGNED|PASS,PASS,5.486862157867867,False,False,True,Scenario uncertainty,Market coverage / segment count,LOW,False,True,False,False
2025-05,SEC001440,NYKAA,FSN E-Commerce Ventures Limited,ADD,NONE,False,HARD_MISS,0,8,0,0.0,1067,6326585136.430812,3163292568.215406,6326585136.430812,3163292568.215406,0.5,5387643697.787152,6218978569.982413,1.7302932505313784,17.427682514144504,1.7302932505313784,2693821848.893576,3109489284.9912066,3163292568.215406,3163292568.215406,1.7302932505313784,17.427682514144504,1.7302932505313784,28.38709677419355,0.8523000000000001,0.8523000000000001,70.23,PASS,PRIOR_LOWER_IN_UPPER_BUFFER,PASS,NOT_APPLICABLE,NOT_ASSIGNED,,1.7302932505313784,True,True,True,Standard assignment,GMSR / Standard cutoff approximation,MEDIUM,False,True,False,False
2025-05,SEC001894,SONACOMS,Sona BLW Precision Forgings Limited,UNCHANGED,DELETE,True,DEFINITE_DELETE_FALSE_POSITIVE,0,8,0,1.0,1,3279939048.4877543,2459954286.3658156,3279939048.4877543,2459954286.3658156,0.75,5387643697.787152,6218978569.982413,-47.25920001848423,-39.121084606338904,-39.121084606338904,1795881232.5957174,2072992856.6608043,2459954286.3658156,2459954286.3658156,18.666799958410497,36.97755963573746,18.666799958410497,28.38709677419355,0.6636,0.6636,51.36,PASS,,PASS,NOT_APPLICABLE,NOT_ASSIGNED,,18.666799958410497,False,False,False,Standard assignment,Market coverage / segment count,LOW,False,False,True,False
2025-05,SEC002017,TATAELXSI,Tata Elxsi Limited,UNCHANGED,DELETE,True,DEFINITE_DELETE_FALSE_POSITIVE,0,8,0,1.0,2,3564794848.864604,2138876909.3187623,3564794848.864604,2138876909.3187623,0.6,5387643697.787152,6218978569.982413,-42.67877258701207,-33.833878986304164,-33.833878986304164,1795881232.5957174,2072992856.6608043,2138876909.3187623,2138876909.3187623,3.178209343378291,19.099017824652485,3.178209343378291,28.38709677419355,,0.38958333333333334,23.958333333333336,PASS,,PASS,NOT_APPLICABLE,NOT_ASSIGNED,,3.178209343378291,False,True,True,Standard assignment,Market coverage / segment count,LOW,False,False,True,False
2025-05,SEC002057,THERMAX,Thermax Limited,UNCHANGED,DELETE,True,DEFINITE_DELETE_FALSE_POSITIVE,0,8,0,1.0,3,4723917045.880284,1417175113.7640853,4723917045.880284,1417175113.7640853,0.3,5387643697.787152,6218978569.982413,-24.04030673651858,-12.319423650444406,-12.319423650444406,1795881232.5957174,2072992856.6608043,1417175113.7640853,1417175113.7640853,-31.63627606286672,-21.087481285399967,-21.087481285399967,28.38709677419355,,0.32625000000000004,17.625000000000007,PASS,CURRENT_STANDARD_OR_ASSIGNED_FAILED_IN_LOWER_BUFFER,FAIL,NOT_APPLICABLE,FAIL|NOT_ASSIGNED,FF_MCAP_FAIL,-12.319423650444406,False,False,False,Final FF requirement,FIF / FF-mcap approximation,LOW,False,False,True,False
2025-08,SEC000044,ADANIENSOL,Adani Energy Solutions Limited,UNCHANGED,ADD,False,DEFINITE_ADD_FALSE_POSITIVE,8,0,0,1.0,1,12136868105.26603,4247903836.84311,12136868105.26603,4247903836.84311,0.35,6064046735.266483,6877994215.833594,76.45941134009915,100.1446993256505,76.45941134009915,3032023367.6332417,3438997107.916797,4247903836.84311,4247903836.84311,23.5215879380694,40.10128952795535,23.5215879380694,30.0,,0.20791666666666667,5.791666666666668,PASS,PRIOR_LOWER_OR_UNASSIGNED_ABOVE_UPPER_BUFFER,PASS,PASS,PASS,PASS,23.5215879380694,False,False,False,Ranking / boundary selection,Market coverage / segment count,LOW,True,False,False,False
2025-08,SEC000046,ADANIGREEN,Adani Green Energy Limited,UNCHANGED,ADD,False,DEFINITE_ADD_FALSE_POSITIVE,8,0,0,1.0,2,18964980092.126747,7585992036.850699,18964980092.126747,7585992036.850699,0.4,6064046735.266483,6877994215.833594,175.73416750581322,212.74462285774806,175.73416750581322,3032023367.6332417,3438997107.916797,7585992036.850699,7585992036.850699,120.5873340046506,150.19569828619845,120.5873340046506,30.0,,0.32791666666666663,17.791666666666664,PASS,PRIOR_LOWER_OR_UNASSIGNED_ABOVE_UPPER_BUFFER,PASS,PASS,PASS,PASS,120.5873340046506,False,False,False,Ranking / boundary selection,Market coverage / segment count,LOW,True,False,False,False
2025-08,SEC001566,POWERINDIA,Hitachi Energy India Limited,ADD,NONE,False,HARD_MISS,0,8,0,0.0,1153,9880911051.192366,2964273315.3577094,9880911051.192366,2964273315.3577094,0.3,6064046735.266483,6877994215.833594,43.659775526502465,62.94252802717146,43.659775526502465,3032023367.6332417,3438997107.916797,2964273315.3577094,2964273315.3577094,-13.804134684098523,-2.2344831836971335,-2.2344831836971335,30.0,,0.6666666666666666,51.66666666666666,PASS,PRIOR_LOWER_IN_UPPER_BUFFER|PRIOR_LOWER_OR_UNASSIGNED_ABOVE_UPPER_BUFFER,FAIL,NOT_APPLICABLE|PASS,FAIL|NOT_ASSIGNED,FF_MCAP_FAIL,-2.2344831836971335,False,True,True,Final FF requirement,FIF / FF-mcap approximation,MEDIUM,False,True,False,False
2025-08,SEC002213,VMM,Vishal Mega Mart Limited,ADD,NONE,False,HARD_MISS,0,8,0,0.0,1636,7377022189.947105,1844255547.4867764,7377022189.947105,1844255547.4867764,0.25,6064046735.266483,6877994215.833594,7.255428813311826,21.651803028574832,7.255428813311826,3032023367.6332417,3438997107.916797,1844255547.4867764,1844255547.4867764,-46.37228559334409,-39.174098485712584,-39.174098485712584,30.0,,,,PASS,CURRENT_STANDARD_OR_ASSIGNED_FAILED_ABOVE_CUTOFF|PRIOR_LOWER_IN_UPPER_BUFFER,FAIL,NOT_APPLICABLE|UNRESOLVED,FAIL|NOT_ASSIGNED,FF_MCAP_FAIL,7.255428813311826,False,False,True,Final FF requirement,FIF / FF-mcap approximation,LOW,False,True,False,False
2025-11,SEC000044,ADANIENSOL,Adani Energy Solutions Limited,UNCHANGED,ADD,False,DEFINITE_ADD_FALSE_POSITIVE,8,0,0,1.0,1,12791278528.626804,3837383558.5880413,12791278528.626804,3837383558.5880413,0.3,6013075983.076952,6856046219.080565,86.56931589854695,112.72437874768677,86.56931589854695,3006537991.538476,3428023109.5402827,3837383558.5880413,3837383558.5880413,11.941589539128161,27.634627248612055,11.941589539128161,30.0,,0.39749999999999996,24.75,PASS,PRIOR_LOWER_OR_UNASSIGNED_ABOVE_UPPER_BUFFER,PASS,PASS,PASS,PASS,11.941589539128161,False,False,False,Ranking / boundary selection,Market coverage / segment count,LOW,True,False,False,False
2025-11,SEC000046,ADANIGREEN,Adani Green Energy Limited,UNCHANGED,ADD,False,DEFINITE_ADD_FALSE_POSITIVE,8,0,0,1.0,2,19355686049.425964,7742274419.770386,19355686049.425964,7742274419.770386,0.4,6013075983.076952,6856046219.080565,182.31557126261134,221.89325569642082,182.31557126261134,3006537991.538476,3428023109.5402827,7742274419.770386,7742274419.770386,125.8524570100891,157.5146045571367,125.8524570100891,30.0,,0.38166666666666665,23.166666666666664,PASS,PRIOR_LOWER_OR_UNASSIGNED_ABOVE_UPPER_BUFFER,PASS,PASS,PASS,PASS,125.8524570100891,False,False,False,Ranking / boundary selection,Market coverage / segment count,LOW,True,False,False,False
2025-11,SEC000446,CONCOR,Container Corporation of India Limited,DELETE,KEEP_OR_DELETE,True,SCENARIO_SUPPORTED_ONLY,4,4,0,0.5,4,4619784492.183926,2309892246.091963,4619784492.183926,2309892246.091963,0.5,6013075983.076952,6856046219.080565,-32.61736656140184,-23.171027520927233,-23.171027520927233,2004358661.0256505,2285348739.6935215,2309892246.091963,2309892246.091963,1.073950157897241,15.243458718609148,1.073950157897241,30.0,,0.4741666666666666,32.416666666666664,PASS,CURRENT_STANDARD_OR_ASSIGNED_FAILED_IN_LOWER_BUFFER,PASS,NOT_APPLICABLE,NOT_ASSIGNED|PASS,PASS,1.073950157897241,True,True,True,Scenario uncertainty,FIF / FF-mcap approximation,MEDIUM,False,False,False,True
2025-11,SEC000615,ENRIN,Siemens Energy India Limited,ADD,ADD_OR_NONE,False,SCENARIO_SUPPORTED_ONLY,2,6,0,0.25,6,12548064355.89194,3137016088.972985,12548064355.89194,3137016088.972985,0.25,6013075983.076952,6856046219.080565,83.02187521680251,108.67962405941473,83.02187521680251,3006537991.538476,3428023109.5402827,3137016088.972985,3137016088.972985,-8.489062391598745,4.339812029707368,0.0,20.0,0.9316,0.9316,78.16,PASS,NEWLY_INVESTABLE_ABOVE_CUTOFF,FAIL|PASS,PASS,FAIL|PASS,FF_MCAP_FAIL|PASS,0.0,True,True,True,Scenario uncertainty,FIF / FF-mcap approximation,MEDIUM,False,True,False,False
2025-11,SEC000667,FORTIS,Fortis Healthcare Limited,ADD,ADD_OR_NONE,False,SCENARIO_SUPPORTED_ONLY,2,6,0,0.25,7,9376678667.174269,6563675067.021988,9376678667.174269,6563675067.021988,0.7,6013075983.076952,6856046219.080565,36.76510291133559,55.93813704606019,36.76510291133559,3006537991.538476,3428023109.5402827,6563675067.021988,6563675067.021988,91.47114407586983,118.31339186448426,91.47114407586983,30.0,,-0.1766666666666669,-32.666666666666686,PASS,PRIOR_LOWER_IN_UPPER_BUFFER|PRIOR_LOWER_OR_UNASSIGNED_ABOVE_UPPER_BUFFER,PASS,NOT_APPLICABLE|PASS,NOT_ASSIGNED|PASS,PASS,36.76510291133559,False,False,False,Scenario uncertainty,Foreign room,HIGH,False,True,False,False
2025-11,SEC000792,GVT&D,GE Vernova T&D India Limited,ADD,ADD_OR_NONE,False,SCENARIO_SUPPORTED_ONLY,2,6,0,0.25,8,8610503603.440857,4305251801.720428,8610503603.440857,4305251801.720428,0.5,6013075983.076952,6856046219.080565,25.589929360125787,43.19632127839461,25.589929360125787,3006537991.538476,3428023109.5402827,4305251801.720428,4305251801.720428,25.589929360125787,43.19632127839461,25.589929360125787,26.875,,0.3116666666666666,16.16666666666666,PASS,PRIOR_LOWER_IN_UPPER_BUFFER,PASS,NOT_APPLICABLE|PASS,NOT_ASSIGNED|PASS,PASS,25.589929360125787,False,False,False,Scenario uncertainty,Market coverage / segment count,LOW,False,True,False,False
2025-11,SEC000912,INDIANB,Indian Bank,UNCHANGED,ADD,False,DEFINITE_ADD_FALSE_POSITIVE,8,0,0,1.0,3,12456030303.097233,3736809090.9291697,12456030303.097233,3736809090.9291697,0.3,6013075983.076952,6856046219.080565,81.67949726522785,107.14905878710277,81.67949726522785,3006537991.538476,3428023109.5402827,3736809090.9291697,3736809090.9291697,9.007698359136707,24.289435272261663,9.007698359136707,30.0,0.7605000000000001,0.7605000000000001,61.05000000000001,PASS,PRIOR_LOWER_OR_UNASSIGNED_ABOVE_UPPER_BUFFER,PASS,PASS,PASS,PASS,9.007698359136707,False,False,True,Ranking / boundary selection,Market coverage / segment count,LOW,True,False,False,False
2025-11,SEC001509,PAYTM,One 97 Communications Limited,ADD,ADD_OR_NONE,False,SCENARIO_SUPPORTED_ONLY,2,6,0,0.25,10,9474470334.13502,9000746817.428268,9474470334.13502,9000746817.428268,0.95,6013075983.076952,6856046219.080565,38.19145949989817,57.56445388017259,38.19145949989817,3006537991.538476,3428023109.5402827,9000746817.428268,9000746817.428268,162.56377304980654,199.37246237232796,162.56377304980654,30.0,,-1.1895833333333332,-133.95833333333331,PASS,PRIOR_LOWER_IN_UPPER_BUFFER|PRIOR_LOWER_OR_UNASSIGNED_ABOVE_UPPER_BUFFER,PASS,NOT_APPLICABLE|PASS,NOT_ASSIGNED|PASS,PASS,38.19145949989817,False,False,False,Scenario uncertainty,Foreign room,HIGH,False,True,False,False
2026-02,SEC000044,ADANIENSOL,Adani Energy Solutions Limited,UNCHANGED,ADD,False,DEFINITE_ADD_FALSE_POSITIVE,8,0,0,1.0,2,12031103387.629091,3609331016.2887273,12031103387.629091,3609331016.2887273,0.3,6324798480.790542,6634091065.337909,81.3527018115523,90.22113390915996,81.3527018115523,3162399240.395271,3317045532.6689544,3609331016.2887273,3609331016.2887273,8.811621086931387,14.132680345495974,8.811621086931387,30.0,,0.3804166666666666,23.041666666666664,PASS,PRIOR_LOWER_OR_UNASSIGNED_ABOVE_UPPER_BUFFER,PASS,PASS,PASS,PASS,8.811621086931387,False,False,True,Ranking / boundary selection,Market coverage / segment count,LOW,True,False,False,False
2026-02,SEC000046,ADANIGREEN,Adani Green Energy Limited,UNCHANGED,ADD,False,DEFINITE_ADD_FALSE_POSITIVE,8,0,0,1.0,3,16598519855.391111,6639407942.156445,16598519855.391111,6639407942.156445,0.4,6324798480.790542,6634091065.337909,150.20036191718543,162.43555278169825,150.20036191718543,3162399240.395271,3317045532.6689544,6639407942.156445,6639407942.156445,100.16028953374834,109.94844222535862,100.16028953374834,30.0,,0.37625,22.625,PASS,PRIOR_LOWER_OR_UNASSIGNED_ABOVE_UPPER_BUFFER,PASS,PASS,PASS,PASS,100.16028953374834,False,False,False,Ranking / boundary selection,Market coverage / segment count,LOW,True,False,False,False
2026-02,SEC000201,ASTRAL,Astral Limited,UNCHANGED,DELETE,True,DEFINITE_DELETE_FALSE_POSITIVE,0,8,0,1.0,1,4262172495.9635425,2131086247.9817712,4262172495.9635425,2131086247.9817712,0.5,6324798480.790542,6634091065.337909,-35.75348221804296,-32.611726541035814,-32.611726541035814,2108266160.2635138,2211363688.4459696,2131086247.9817712,2131086247.9817712,-3.6302233270644524,1.0824101884462811,0.0,30.0,,0.3412499999999999,19.124999999999986,PASS,CURRENT_STANDARD_OR_ASSIGNED_FAILED_IN_LOWER_BUFFER,FAIL|PASS,NOT_APPLICABLE,NOT_ASSIGNED,FF_MCAP_FAIL,0.0,True,True,True,Standard assignment,Market coverage / segment count,LOW,False,False,True,False
2026-02,SEC000912,INDIANB,Indian Bank,UNCHANGED,ADD,False,DEFINITE_ADD_FALSE_POSITIVE,8,0,0,1.0,4,12752066575.848845,3825619972.7546535,12752066575.848845,3825619972.7546535,0.3,6324798480.790542,6634091065.337909,92.22025218309714,101.62012457122512,92.22025218309714,3162399240.395271,3317045532.6689544,3825619972.7546535,3825619972.7546535,15.3321513098583,20.97207474273508,15.3321513098583,30.0,0.713,0.713,56.3,PASS,PRIOR_LOWER_OR_UNASSIGNED_ABOVE_UPPER_BUFFER,PASS,PASS,PASS,PASS,15.3321513098583,False,False,False,Ranking / boundary selection,Market coverage / segment count,LOW,True,False,False,False
2026-02,SEC000962,IRCTC,Indian Railway Catering And Tourism Corporation Limited,DELETE,KEEP,True,HARD_MISS,8,0,0,0.0,83,5575179831.455509,2230071932.582204,5575179831.455509,2230071932.582204,0.4,6324798480.790542,6634091065.337909,-15.961662621953533,-11.85205586568091,-11.85205586568091,2108266160.2635138,2211363688.4459696,2230071932.582204,2230071932.582204,0.8460048536557796,5.77753296118293,0.8460048536557796,30.0,,0.6812499999999999,53.124999999999986,PASS,CURRENT_STANDARD_OR_ASSIGNED_FAILED_IN_LOWER_BUFFER,PASS,NOT_APPLICABLE,PASS,PASS,0.8460048536557796,True,True,True,Ranking / boundary selection,FIF / FF-mcap approximation,MEDIUM,False,False,False,True
2026-02,SEC001037,JUBLFOOD,Jubilant Foodworks Limited,UNCHANGED,DELETE,True,DEFINITE_DELETE_FALSE_POSITIVE,0,8,0,1.0,2,3763289682.837749,2257973809.702649,3763289682.837749,2257973809.702649,0.6,6324798480.790542,6634091065.337909,-43.27346963172769,-40.49945315621546,-40.49945315621546,2108266160.2635138,2211363688.4459696,2257973809.702649,2257973809.702649,2.107754662890149,7.100984318812165,2.107754662890149,30.0,,0.21500000000000002,6.5000000000000036,PASS,,PASS,NOT_APPLICABLE,NOT_ASSIGNED,,2.107754662890149,False,True,True,Standard assignment,Market coverage / segment count,LOW,False,False,True,False
2026-02,SEC001053,KALYANKJIL,Kalyan Jewellers India Limited,UNCHANGED,DELETE,True,DEFINITE_DELETE_FALSE_POSITIVE,0,8,0,1.0,3,5224110279.672693,2089644111.8690774,5224110279.672693,2089644111.8690774,0.4,6324798480.790542,6634091065.337909,-21.25356392878213,-17.402739462147608,-17.402739462147608,2108266160.2635138,2211363688.4459696,2089644111.8690774,2089644111.8690774,-5.504276714538547,-0.8832873545771225,-0.8832873545771225,30.0,0.856,0.856,70.6,PASS,CURRENT_STANDARD_OR_ASSIGNED_FAILED_IN_LOWER_BUFFER,FAIL,NOT_APPLICABLE,FAIL|NOT_ASSIGNED,FF_MCAP_FAIL,-0.8832873545771225,True,True,True,Final FF requirement,FIF / FF-mcap approximation,MEDIUM,False,False,True,False
2026-02,SEC001198,LTF,L&T Finance Limited,ADD,NONE,False,HARD_MISS,0,8,0,0.0,945,8278906306.688926,2897617207.341124,8278906306.688926,2897617207.341124,0.35,6324798480.790542,6634091065.337909,24.793377497407597,30.895969758298737,24.793377497407597,3162399240.395271,3317045532.6689544,2897617207.341124,2897617207.341124,-12.64463575181468,-8.37282116919088,-8.37282116919088,30.0,,0.705,55.5,PASS,PRIOR_LOWER_IN_UPPER_BUFFER,FAIL,NOT_APPLICABLE,NOT_ASSIGNED,FF_MCAP_FAIL,-8.37282116919088,False,False,True,Standard assignment,Market coverage / segment count,MEDIUM,False,True,False,False
2026-02,SEC001485,PAGEIND,Page Industries Limited,UNCHANGED,DELETE,True,DEFINITE_DELETE_FALSE_POSITIVE,0,8,0,1.0,4,4216120431.9871726,2529672259.1923037,4216120431.9871726,2529672259.1923037,0.6,6324798480.790542,6634091065.337909,-36.447655142755806,-33.33984561259577,-33.33984561259577,2108266160.2635138,2211363688.4459696,2529672259.1923037,2529672259.1923037,14.394220743039533,19.98827789732762,14.394220743039533,30.0,,0.12416666666666665,-2.5833333333333357,PASS,,PASS,NOT_APPLICABLE,NOT_ASSIGNED,,14.394220743039533,False,False,False,Standard assignment,Market coverage / segment count,LOW,False,False,True,False
2026-05,SEC000046,ADANIGREEN,Adani Green Energy Limited,UNCHANGED,ADD,False,DEFINITE_ADD_FALSE_POSITIVE,8,0,0,1.0,2,19955977653.074707,7982391061.229883,19955977653.074707,7982391061.229883,0.4,5919713114.816755,6589532171.517254,202.8436182364036,237.11055360311062,202.8436182364036,2959856557.4083776,3294766085.758627,7982391061.229883,7982391061.229883,142.27489458912288,169.68844288248852,142.27489458912288,28.33333333333333,,0.3895833333333332,23.95833333333332,PASS,PRIOR_LOWER_OR_UNASSIGNED_ABOVE_UPPER_BUFFER,PASS,PASS,PASS,PASS,142.27489458912288,False,False,False,Ranking / boundary selection,Market coverage / segment count,LOW,True,False,False,False
2026-05,SEC000647,FEDERALBNK,The Federal Bank  Limited,ADD,NONE,False,HARD_MISS,0,8,0,0.0,522,7772717377.587063,7772717377.587063,7772717377.587063,7772717377.587063,1.0,5919713114.816755,6589532171.517254,17.95552666369906,31.30226460015988,17.95552666369906,2959856557.4083776,3294766085.758627,7772717377.587063,7772717377.587063,135.91105332739812,162.60452920031975,135.91105332739812,28.33333333333333,,-0.21000000000000002,-36.0,PASS,PRIOR_LOWER_IN_UPPER_BUFFER,PASS,NOT_APPLICABLE,NOT_ASSIGNED,,17.95552666369906,False,False,False,Standard assignment,Market coverage / segment count,MEDIUM,False,True,False,False
2026-05,SEC000872,HYUNDAI,Hyundai Motor India Limited,DELETE,KEEP,True,HARD_MISS,8,0,0,0.0,74,16616208307.471695,3323241661.494339,16616208307.471695,3323241661.494339,0.2,5919713114.816755,6589532171.517254,152.1606674794605,180.69279684993737,152.1606674794605,1973237704.9389184,2196510723.8390846,3323241661.494339,3323241661.494339,51.296400487676294,68.41567810996243,51.296400487676294,28.33333333333333,0.9352,0.9352,78.52000000000001,PASS,CURRENT_STANDARD_OR_ASSIGNED_FAILED_ABOVE_CUTOFF,PASS,NOT_APPLICABLE,PASS,PASS,51.296400487676294,False,False,False,Membership / continuity,True MSCI discretion / unexplained,UNEXPLAINED,False,False,False,True
2026-05,SEC001275,MCX,Multi Commodity Exchange of India Limited,ADD,ADD_OR_NONE,False,SCENARIO_SUPPORTED_ONLY,2,6,0,0.25,8,7826960675.465317,7826960675.465317,7826960675.465317,7826960675.465317,1.0,5919713114.816755,6589532171.517254,18.77870039540519,32.218580928775296,18.77870039540519,2959856557.4083776,3141743696.3765717,3913480337.7326584,7826960675.465317,24.56395925123187,164.4371618575506,24.56395925123187,18.33333333333333,,,,UNRESOLVED,PRIOR_LOWER_IN_UPPER_BUFFER,PASS,NOT_APPLICABLE|PASS,NOT_ASSIGNED|PASS,PASS,18.77870039540519,False,False,False,Scenario uncertainty,Foreign room,HIGH,False,True,False,False
2026-05,SEC001367,NATIONALUM,National Aluminium Company Limited,ADD,ADD_OR_NONE,False,SCENARIO_SUPPORTED_ONLY,2,6,0,0.25,9,8660294532.089859,4330147266.0449295,8660294532.089859,4330147266.0449295,0.5,5919713114.816755,6589532171.517254,31.42502846443813,46.29584853383455,31.42502846443813,2959856557.4083776,3294766085.758627,4330147266.0449295,4330147266.0449295,31.42502846443813,46.29584853383455,31.42502846443813,28.33333333333333,,0.15083333333333326,0.08333333333332682,PASS,PRIOR_LOWER_IN_UPPER_BUFFER,PASS,NOT_APPLICABLE|PASS,NOT_ASSIGNED|PASS,PASS,31.42502846443813,False,False,False,Scenario uncertainty,Market coverage / segment count,LOW,False,True,False,False
2026-05,SEC001714,RVNL,Rail Vikas Nigam Limited,DELETE,KEEP_OR_DELETE,True,SCENARIO_SUPPORTED_ONLY,2,6,0,0.75,6,6790977598.498324,2037293279.5494971,6790977598.498324,2037293279.5494971,0.3,5919713114.816755,6589532171.517254,3.057052029456697,14.7180187077113,3.057052029456697,1973237704.9389184,2196510723.8390846,2037293279.5494971,2037293279.5494971,-7.2486531734889725,3.2462168369401523,0.0,28.33333333333333,,0.78125,63.125,PASS,CURRENT_STANDARD_OR_ASSIGNED_FAILED_ABOVE_CUTOFF,FAIL|PASS,NOT_APPLICABLE,FAIL|PASS,FF_MCAP_FAIL|PASS,0.0,True,True,True,Scenario uncertainty,GMSR / Standard cutoff approximation,MEDIUM,False,False,False,True
