RED FLAG LIST,,,,,
(Dissemination Date: 17-Jan-2024 ),,,,,
(A red flag shall be activated in respect of listed Indian companies whenever the foreign investment is within 3% or less than 3% of the aggregate NRI/FPI limits or the sectoral cap.),,,,,
,,,,,
Overall / Sectoral Limit,,,,,
Sr No.,Issuer / Company Name,ISIN,ISIN Description,Security Type,Aggregate  Investment (%),Aggregate Permissible Limit (%),Available Investment Headroom (in terms of Quantity),Date when Red Flag was Activated,Listed on Stock Exchange*
,,,,,,,,
,,,,,,,,
Aggregate FPI Investment limit,,,,,
Sr No.,Issuer / Company Name,ISIN,ISIN Description,Security Type,Aggregate  Investment (%),Aggregate Permissible Limit (%),Available Investment Headroom (in terms of Quantity),Date when Red Flag was Activated,Listed on Stock Exchange*
,,,,,,,,
NIL,,,,,,,,
,,,,,,,,
Aggregate NRI (repatriable) Investment limit,,,,,
Sr No.,Issuer / Company Name,ISIN,ISIN Description,Security Type,Aggregate  Investment (%),Aggregate Permissible Limit (%),Available Investment Headroom (in terms of Quantity),Date when Red Flag was Activated,Listed on Stock Exchange*
1,AARVEE DENIMS AND EXPORTS LTD,INE273D01019,AARVEE DENIMS AND EXPORTS LIMITED EQ,Equity,7.19,10,659225,08-Oct-2018,NSE/BSE
2,ALL E TECHNOLOGIES LIMITED,INE0M2X01012,ALL E TECHNOLOGIES LIMITED EQ,Equity,8.2,10,363417,01-Mar-2023,NSE
3,ASIAN HOTELS (NORTH) LIMITED,INE363A01022,ASIAN HOTELS (NORTH) LIMITED EQ NEW F.V. RS.10/-,Equity,7.28,10,529478,28-Apr-2023,NSE/BSE
4,DEBOCK INDUSTRIES LIMITED,INE411Y01011,DEBOCK INDUSTRIES LIMITED EQ,Equity,8.86,10,93722,29-Nov-2023,NSE
5,DYNAMATIC TECHNOLOGIES LIMITED,INE221B01012,DYNAMATIC TECHNOLOGIES LIMITED EQ,Equity,0.25,1,50630,06-Mar-2019,NSE/BSE
6,EIH ASSOCIATED HOTELS LIMITED,INE276C01014,EIH ASSOCIATED HOTELS LIMITED EQ,Equity,22.376,24,494804,01-Jun-2018,NSE/BSE
7,SALASAR EXTERIORS AND CONTOUR LIMITED,INE00Y701026,SALASAR EXTERIORS AND CONTOUR LIMITED EQ,Equity,7.88,10,2182335,18-Oct-2022,NSE
8,SUNFLAG IRON & STEEL COMPANY LIMITED,INE947A01014,SUNFLAG IRON AND STEEL COMPANY LTD EQ,Equity,7.465,10,4569395,01-Jun-2018,NSE/BSE
9,SUPREME INFRASTRUCTURE INDIA LIMITED,INE550H01011,SUPREME INFRASTRUCTURE INDIA LTD EQ,Equity,7.46,10,654010,22-Dec-2020,NSE/BSE
10,THE DHARAMSI MORARJI CHEMICAL CO. LIMITED,INE505A01010,THE DHARAMSI MORARJI CHEMICAL CO. LIMITED EQ,Equity,21.438,24,638972,29-Aug-2018,BSE
11,UFLEX LIMITED,INE516A01017,UFLEX LIMITED EQ,Equity,8.619,10,997388,11-Nov-2020,NSE/BSE
12,WINDSOR MACHINES LIMITED,INE052A01021,WINDSOR MACHINES LIMITED EQ NEW RS. 2/-,Equity,9.086,10,600110,01-Jun-2018,NSE/BSE
,,,,,,,,
Note :,,,,,,,,
* Information of Listed Companies as available from websites of respective Stock Exchanges viz.  NSE  BSE  MSEI & CSE,,,,,,,,
,,,,,,,,
,,,,,
