ticker,company_name,base_as_of,membership,reconstruction
ABB,ABB INDIA LTD,2/28/2023,MSCI India Standard (post-Feb-2023 review),Backtracked from INDA 2025-12-31 equities using official MSCI review changes + corporate-event reversals
ACC,ACC LTD,2/28/2023,MSCI India Standard (post-Feb-2023 review),Backtracked from INDA 2025-12-31 equities using official MSCI review changes + corporate-event reversals
ADANIENT,ADANI ENTERPRISES LTD,2/28/2023,MSCI India Standard (post-Feb-2023 review),Backtracked from INDA 2025-12-31 equities using official MSCI review changes + corporate-event reversals
ADANIGREEN,ADANI GREEN ENERGY LTD,2/28/2023,MSCI India Standard (post-Feb-2023 review),Backtracked from INDA 2025-12-31 equities using official MSCI review changes + corporate-event reversals
ADANIPORTS,ADANI PORTS AND SPECIAL ECONOMIC Z,2/28/2023,MSCI India Standard (post-Feb-2023 review),Backtracked from INDA 2025-12-31 equities using official MSCI review changes + corporate-event reversals
ADANIPOWER,ADANI POWER LTD,2/28/2023,MSCI India Standard (post-Feb-2023 review),Backtracked from INDA 2025-12-31 equities using official MSCI review changes + corporate-event reversals
ADANITRANS,ADANI TRANSMISSION LTD,2/28/2023,MSCI India Standard (post-Feb-2023 review),Backtracked from INDA 2025-12-31 equities using official MSCI review changes + corporate-event reversals
AMBUJACEM,AMBUJA CEMENTS LTD,2/28/2023,MSCI India Standard (post-Feb-2023 review),Backtracked from INDA 2025-12-31 equities using official MSCI review changes + corporate-event reversals
APOLLOHOSP,APOLLO HOSPITALS ENTERPRISE LTD,2/28/2023,MSCI India Standard (post-Feb-2023 review),Backtracked from INDA 2025-12-31 equities using official MSCI review changes + corporate-event reversals
ASIANPAINT,ASIAN PAINTS LTD,2/28/2023,MSCI India Standard (post-Feb-2023 review),Backtracked from INDA 2025-12-31 equities using official MSCI review changes + corporate-event reversals
ATGL,ADANI TOTAL GAS LTD,2/28/2023,MSCI India Standard (post-Feb-2023 review),Backtracked from INDA 2025-12-31 equities using official MSCI review changes + corporate-event reversals
AUBANK,AU SMALL FINANCE BANK LTD,2/28/2023,MSCI India Standard (post-Feb-2023 review),Backtracked from INDA 2025-12-31 equities using official MSCI review changes + corporate-event reversals
AUROPHARMA,AUROBINDO PHARMA LTD,2/28/2023,MSCI India Standard (post-Feb-2023 review),Backtracked from INDA 2025-12-31 equities using official MSCI review changes + corporate-event reversals
AXISBANK,AXIS BANK LTD,2/28/2023,MSCI India Standard (post-Feb-2023 review),Backtracked from INDA 2025-12-31 equities using official MSCI review changes + corporate-event reversals
BAJAJ-AUTO,BAJAJ AUTO LTD,2/28/2023,MSCI India Standard (post-Feb-2023 review),Backtracked from INDA 2025-12-31 equities using official MSCI review changes + corporate-event reversals
BAJAJFINSV,BAJAJ FINSERV LTD,2/28/2023,MSCI India Standard (post-Feb-2023 review),Backtracked from INDA 2025-12-31 equities using official MSCI review changes + corporate-event reversals
BAJAJHLDNG,BAJAJ HOLDINGS AND INVESTMENT LTD,2/28/2023,MSCI India Standard (post-Feb-2023 review),Backtracked from INDA 2025-12-31 equities using official MSCI review changes + corporate-event reversals
BAJFINANCE,BAJAJ FINANCE LTD,2/28/2023,MSCI India Standard (post-Feb-2023 review),Backtracked from INDA 2025-12-31 equities using official MSCI review changes + corporate-event reversals
BALKRISIND,BALKRISHNA INDUSTRIES LTD,2/28/2023,MSCI India Standard (post-Feb-2023 review),Backtracked from INDA 2025-12-31 equities using official MSCI review changes + corporate-event reversals
BANDHANBNK,BANDHAN BANK LTD,2/28/2023,MSCI India Standard (post-Feb-2023 review),Backtracked from INDA 2025-12-31 equities using official MSCI review changes + corporate-event reversals
BANKBARODA,BANK OF BARODA LTD,2/28/2023,MSCI India Standard (post-Feb-2023 review),Backtracked from INDA 2025-12-31 equities using official MSCI review changes + corporate-event reversals
BEL,BHARAT ELECTRONICS LTD,2/28/2023,MSCI India Standard (post-Feb-2023 review),Backtracked from INDA 2025-12-31 equities using official MSCI review changes + corporate-event reversals
BERGEPAINT,BERGER PAINTS INDIA LTD,2/28/2023,MSCI India Standard (post-Feb-2023 review),Backtracked from INDA 2025-12-31 equities using official MSCI review changes + corporate-event reversals
BHARATFORG,BHARAT FORGE LTD,2/28/2023,MSCI India Standard (post-Feb-2023 review),Backtracked from INDA 2025-12-31 equities using official MSCI review changes + corporate-event reversals
BHARTIARTL,BHARTI AIRTEL LTD,2/28/2023,MSCI India Standard (post-Feb-2023 review),Backtracked from INDA 2025-12-31 equities using official MSCI review changes + corporate-event reversals
BPCL,BHARAT PETROLEUM LTD,2/28/2023,MSCI India Standard (post-Feb-2023 review),Backtracked from INDA 2025-12-31 equities using official MSCI review changes + corporate-event reversals
BRITANNIA,BRITANNIA INDUSTRIES LTD,2/28/2023,MSCI India Standard (post-Feb-2023 review),Backtracked from INDA 2025-12-31 equities using official MSCI review changes + corporate-event reversals
CGPOWER,CG POWER AND INDUSTRIAL SOLUTIONS,2/28/2023,MSCI India Standard (post-Feb-2023 review),Backtracked from INDA 2025-12-31 equities using official MSCI review changes + corporate-event reversals
CHOLAFIN,CHOLAMANDALAM INVESTMENT AND FINAN,2/28/2023,MSCI India Standard (post-Feb-2023 review),Backtracked from INDA 2025-12-31 equities using official MSCI review changes + corporate-event reversals
CIPLA,CIPLA LTD,2/28/2023,MSCI India Standard (post-Feb-2023 review),Backtracked from INDA 2025-12-31 equities using official MSCI review changes + corporate-event reversals
COALINDIA,COAL INDIA LTD,2/28/2023,MSCI India Standard (post-Feb-2023 review),Backtracked from INDA 2025-12-31 equities using official MSCI review changes + corporate-event reversals
COLPAL,COLGATE PALMOLIVE INDIA LTD,2/28/2023,MSCI India Standard (post-Feb-2023 review),Backtracked from INDA 2025-12-31 equities using official MSCI review changes + corporate-event reversals
CONCOR,CONTAINER CORPORATION OF INDIA LTD,2/28/2023,MSCI India Standard (post-Feb-2023 review),Backtracked from INDA 2025-12-31 equities using official MSCI review changes + corporate-event reversals
DABUR,DABUR INDIA LTD,2/28/2023,MSCI India Standard (post-Feb-2023 review),Backtracked from INDA 2025-12-31 equities using official MSCI review changes + corporate-event reversals
DIVISLAB,DIVIS LABORATORIES LTD,2/28/2023,MSCI India Standard (post-Feb-2023 review),Backtracked from INDA 2025-12-31 equities using official MSCI review changes + corporate-event reversals
DLF,DLF LTD,2/28/2023,MSCI India Standard (post-Feb-2023 review),Backtracked from INDA 2025-12-31 equities using official MSCI review changes + corporate-event reversals
DMART,AVENUE SUPERMARTS LTD,2/28/2023,MSCI India Standard (post-Feb-2023 review),Backtracked from INDA 2025-12-31 equities using official MSCI review changes + corporate-event reversals
DRREDDY,DR REDDYS LABORATORIES LTD,2/28/2023,MSCI India Standard (post-Feb-2023 review),Backtracked from INDA 2025-12-31 equities using official MSCI review changes + corporate-event reversals
EICHERMOT,EICHER MOTORS LTD,2/28/2023,MSCI India Standard (post-Feb-2023 review),Backtracked from INDA 2025-12-31 equities using official MSCI review changes + corporate-event reversals
GAIL,GAIL INDIA LTD,2/28/2023,MSCI India Standard (post-Feb-2023 review),Backtracked from INDA 2025-12-31 equities using official MSCI review changes + corporate-event reversals
GODREJCP,GODREJ CONSUMER PRODUCTS LTD,2/28/2023,MSCI India Standard (post-Feb-2023 review),Backtracked from INDA 2025-12-31 equities using official MSCI review changes + corporate-event reversals
GODREJPROP,GODREJ PROPERTIES LTD,2/28/2023,MSCI India Standard (post-Feb-2023 review),Backtracked from INDA 2025-12-31 equities using official MSCI review changes + corporate-event reversals
GRASIM,GRASIM INDUSTRIES LTD,2/28/2023,MSCI India Standard (post-Feb-2023 review),Backtracked from INDA 2025-12-31 equities using official MSCI review changes + corporate-event reversals
HAVELLS,HAVELLS INDIA LTD,2/28/2023,MSCI India Standard (post-Feb-2023 review),Backtracked from INDA 2025-12-31 equities using official MSCI review changes + corporate-event reversals
HCLTECH,HCL TECHNOLOGIES LTD,2/28/2023,MSCI India Standard (post-Feb-2023 review),Backtracked from INDA 2025-12-31 equities using official MSCI review changes + corporate-event reversals
HDFC,HOUSING DEVELOPMENT FINANCE CORP LTD,2/28/2023,MSCI India Standard (post-Feb-2023 review),Backtracked from INDA 2025-12-31 equities using official MSCI review changes + corporate-event reversals
HDFCLIFE,HDFC LIFE INSURANCE COMPANY LTD,2/28/2023,MSCI India Standard (post-Feb-2023 review),Backtracked from INDA 2025-12-31 equities using official MSCI review changes + corporate-event reversals
HEROMOTOCO,HERO MOTOCORP LTD,2/28/2023,MSCI India Standard (post-Feb-2023 review),Backtracked from INDA 2025-12-31 equities using official MSCI review changes + corporate-event reversals
HINDALCO,HINDALCO INDUSTRIES LTD,2/28/2023,MSCI India Standard (post-Feb-2023 review),Backtracked from INDA 2025-12-31 equities using official MSCI review changes + corporate-event reversals
HINDPETRO,HINDUSTAN PETROLEUM CORP LTD,2/28/2023,MSCI India Standard (post-Feb-2023 review),Backtracked from INDA 2025-12-31 equities using official MSCI review changes + corporate-event reversals
HINDUNILVR,HINDUSTAN UNILEVER LTD,2/28/2023,MSCI India Standard (post-Feb-2023 review),Backtracked from INDA 2025-12-31 equities using official MSCI review changes + corporate-event reversals
ICICIBANK,ICICI BANK LTD,2/28/2023,MSCI India Standard (post-Feb-2023 review),Backtracked from INDA 2025-12-31 equities using official MSCI review changes + corporate-event reversals
ICICIGI,ICICI LOMBARD GENERAL INSURANCE CO,2/28/2023,MSCI India Standard (post-Feb-2023 review),Backtracked from INDA 2025-12-31 equities using official MSCI review changes + corporate-event reversals
ICICIPRULI,ICICI PRUDENTIAL LIFE INSURANCE CO,2/28/2023,MSCI India Standard (post-Feb-2023 review),Backtracked from INDA 2025-12-31 equities using official MSCI review changes + corporate-event reversals
IGL,INDRAPRASTHA GAS LTD,2/28/2023,MSCI India Standard (post-Feb-2023 review),Backtracked from INDA 2025-12-31 equities using official MSCI review changes + corporate-event reversals
INDHOTEL,INDIAN HOTELS LTD,2/28/2023,MSCI India Standard (post-Feb-2023 review),Backtracked from INDA 2025-12-31 equities using official MSCI review changes + corporate-event reversals
INDIGO,INTERGLOBE AVIATION LTD,2/28/2023,MSCI India Standard (post-Feb-2023 review),Backtracked from INDA 2025-12-31 equities using official MSCI review changes + corporate-event reversals
INDUSTOWER,INDUS TOWERS LTD,2/28/2023,MSCI India Standard (post-Feb-2023 review),Backtracked from INDA 2025-12-31 equities using official MSCI review changes + corporate-event reversals
INFY,INFOSYS LTD,2/28/2023,MSCI India Standard (post-Feb-2023 review),Backtracked from INDA 2025-12-31 equities using official MSCI review changes + corporate-event reversals
IOC,INDIAN OIL CORP LTD,2/28/2023,MSCI India Standard (post-Feb-2023 review),Backtracked from INDA 2025-12-31 equities using official MSCI review changes + corporate-event reversals
IRCTC,INDIAN RAILWAY CATERING AND TOURIS,2/28/2023,MSCI India Standard (post-Feb-2023 review),Backtracked from INDA 2025-12-31 equities using official MSCI review changes + corporate-event reversals
ITC,ITC LTD,2/28/2023,MSCI India Standard (post-Feb-2023 review),Backtracked from INDA 2025-12-31 equities using official MSCI review changes + corporate-event reversals
JINDALSTEL,JINDAL STEEL LTD,2/28/2023,MSCI India Standard (post-Feb-2023 review),Backtracked from INDA 2025-12-31 equities using official MSCI review changes + corporate-event reversals
JSWSTEEL,JSW STEEL LTD,2/28/2023,MSCI India Standard (post-Feb-2023 review),Backtracked from INDA 2025-12-31 equities using official MSCI review changes + corporate-event reversals
JUBLFOOD,JUBILANT FOODWORKS LTD,2/28/2023,MSCI India Standard (post-Feb-2023 review),Backtracked from INDA 2025-12-31 equities using official MSCI review changes + corporate-event reversals
KOTAKBANK,KOTAK MAHINDRA BANK LTD,2/28/2023,MSCI India Standard (post-Feb-2023 review),Backtracked from INDA 2025-12-31 equities using official MSCI review changes + corporate-event reversals
LT,LARSEN AND TOUBRO LTD,2/28/2023,MSCI India Standard (post-Feb-2023 review),Backtracked from INDA 2025-12-31 equities using official MSCI review changes + corporate-event reversals
LTIM,LTIMINDTREE LTD,2/28/2023,MSCI India Standard (post-Feb-2023 review),Backtracked from INDA 2025-12-31 equities using official MSCI review changes + corporate-event reversals
LUPIN,LUPIN LTD,2/28/2023,MSCI India Standard (post-Feb-2023 review),Backtracked from INDA 2025-12-31 equities using official MSCI review changes + corporate-event reversals
M&M,MAHINDRA AND MAHINDRA LTD,2/28/2023,MSCI India Standard (post-Feb-2023 review),Backtracked from INDA 2025-12-31 equities using official MSCI review changes + corporate-event reversals
MARICO,MARICO LTD,2/28/2023,MSCI India Standard (post-Feb-2023 review),Backtracked from INDA 2025-12-31 equities using official MSCI review changes + corporate-event reversals
MARUTI,MARUTI SUZUKI INDIA LTD,2/28/2023,MSCI India Standard (post-Feb-2023 review),Backtracked from INDA 2025-12-31 equities using official MSCI review changes + corporate-event reversals
MOTHERSON,SAMVARDHANA MOTHERSON INTERNATIONA,2/28/2023,MSCI India Standard (post-Feb-2023 review),Backtracked from INDA 2025-12-31 equities using official MSCI review changes + corporate-event reversals
MPHASIS,MPHASIS LTD,2/28/2023,MSCI India Standard (post-Feb-2023 review),Backtracked from INDA 2025-12-31 equities using official MSCI review changes + corporate-event reversals
MRF,MRF LTD,2/28/2023,MSCI India Standard (post-Feb-2023 review),Backtracked from INDA 2025-12-31 equities using official MSCI review changes + corporate-event reversals
MUTHOOTFIN,MUTHOOT FINANCE LTD,2/28/2023,MSCI India Standard (post-Feb-2023 review),Backtracked from INDA 2025-12-31 equities using official MSCI review changes + corporate-event reversals
NAUKRI,INFO EDGE INDIA LTD,2/28/2023,MSCI India Standard (post-Feb-2023 review),Backtracked from INDA 2025-12-31 equities using official MSCI review changes + corporate-event reversals
NESTLEIND,NESTLE INDIA LTD,2/28/2023,MSCI India Standard (post-Feb-2023 review),Backtracked from INDA 2025-12-31 equities using official MSCI review changes + corporate-event reversals
NTPC,NTPC LTD,2/28/2023,MSCI India Standard (post-Feb-2023 review),Backtracked from INDA 2025-12-31 equities using official MSCI review changes + corporate-event reversals
ONGC,OIL AND NATURAL GAS LTD,2/28/2023,MSCI India Standard (post-Feb-2023 review),Backtracked from INDA 2025-12-31 equities using official MSCI review changes + corporate-event reversals
PAGEIND,PAGE INDUSTRIES LTD,2/28/2023,MSCI India Standard (post-Feb-2023 review),Backtracked from INDA 2025-12-31 equities using official MSCI review changes + corporate-event reversals
PETRONET,PETRONET LNG LTD,2/28/2023,MSCI India Standard (post-Feb-2023 review),Backtracked from INDA 2025-12-31 equities using official MSCI review changes + corporate-event reversals
PIDILITIND,PIDILITE INDUSTRIES LTD,2/28/2023,MSCI India Standard (post-Feb-2023 review),Backtracked from INDA 2025-12-31 equities using official MSCI review changes + corporate-event reversals
PIIND,P.I. INDUSTRIES LTD,2/28/2023,MSCI India Standard (post-Feb-2023 review),Backtracked from INDA 2025-12-31 equities using official MSCI review changes + corporate-event reversals
POWERGRID,POWER GRID CORPORATION OF INDIA LT,2/28/2023,MSCI India Standard (post-Feb-2023 review),Backtracked from INDA 2025-12-31 equities using official MSCI review changes + corporate-event reversals
RELIANCE,RELIANCE INDUSTRIES LTD,2/28/2023,MSCI India Standard (post-Feb-2023 review),Backtracked from INDA 2025-12-31 equities using official MSCI review changes + corporate-event reversals
SBICARD,SBI CARDS & PAYMENT SERVICES LTD,2/28/2023,MSCI India Standard (post-Feb-2023 review),Backtracked from INDA 2025-12-31 equities using official MSCI review changes + corporate-event reversals
SBILIFE,SBI LIFE INSURANCE COMPANY LTD,2/28/2023,MSCI India Standard (post-Feb-2023 review),Backtracked from INDA 2025-12-31 equities using official MSCI review changes + corporate-event reversals
SBIN,STATE BANK OF INDIA,2/28/2023,MSCI India Standard (post-Feb-2023 review),Backtracked from INDA 2025-12-31 equities using official MSCI review changes + corporate-event reversals
SHREECEM,SHREE CEMENT LTD,2/28/2023,MSCI India Standard (post-Feb-2023 review),Backtracked from INDA 2025-12-31 equities using official MSCI review changes + corporate-event reversals
SHRIRAMFIN,SHRIRAM FINANCE LTD,2/28/2023,MSCI India Standard (post-Feb-2023 review),Backtracked from INDA 2025-12-31 equities using official MSCI review changes + corporate-event reversals
SIEMENS,SIEMENS LTD,2/28/2023,MSCI India Standard (post-Feb-2023 review),Backtracked from INDA 2025-12-31 equities using official MSCI review changes + corporate-event reversals
SRF,SRF LTD,2/28/2023,MSCI India Standard (post-Feb-2023 review),Backtracked from INDA 2025-12-31 equities using official MSCI review changes + corporate-event reversals
SUNPHARMA,SUN PHARMACEUTICAL INDUSTRIES LTD,2/28/2023,MSCI India Standard (post-Feb-2023 review),Backtracked from INDA 2025-12-31 equities using official MSCI review changes + corporate-event reversals
TATACONSUM,TATA CONSUMER PRODUCTS LTD,2/28/2023,MSCI India Standard (post-Feb-2023 review),Backtracked from INDA 2025-12-31 equities using official MSCI review changes + corporate-event reversals
TATAELXSI,TATA ELXSI LTD,2/28/2023,MSCI India Standard (post-Feb-2023 review),Backtracked from INDA 2025-12-31 equities using official MSCI review changes + corporate-event reversals
TATAMOTORS,TATA MOTORS LTD,2/28/2023,MSCI India Standard (post-Feb-2023 review),Backtracked from INDA 2025-12-31 equities using official MSCI review changes + corporate-event reversals
TATAPOWER,TATA POWER LTD,2/28/2023,MSCI India Standard (post-Feb-2023 review),Backtracked from INDA 2025-12-31 equities using official MSCI review changes + corporate-event reversals
TATASTEEL,TATA STEEL LTD,2/28/2023,MSCI India Standard (post-Feb-2023 review),Backtracked from INDA 2025-12-31 equities using official MSCI review changes + corporate-event reversals
TCS,TATA CONSULTANCY SERVICES LTD,2/28/2023,MSCI India Standard (post-Feb-2023 review),Backtracked from INDA 2025-12-31 equities using official MSCI review changes + corporate-event reversals
TECHM,TECH MAHINDRA LTD,2/28/2023,MSCI India Standard (post-Feb-2023 review),Backtracked from INDA 2025-12-31 equities using official MSCI review changes + corporate-event reversals
TIINDIA,TUBE INVESTMENTS OF INDIA LTD,2/28/2023,MSCI India Standard (post-Feb-2023 review),Backtracked from INDA 2025-12-31 equities using official MSCI review changes + corporate-event reversals
TITAN,TITAN COMPANY LTD,2/28/2023,MSCI India Standard (post-Feb-2023 review),Backtracked from INDA 2025-12-31 equities using official MSCI review changes + corporate-event reversals
TORNTPHARM,TORRENT PHARMACEUTICALS LTD,2/28/2023,MSCI India Standard (post-Feb-2023 review),Backtracked from INDA 2025-12-31 equities using official MSCI review changes + corporate-event reversals
TRENT,TRENT LTD,2/28/2023,MSCI India Standard (post-Feb-2023 review),Backtracked from INDA 2025-12-31 equities using official MSCI review changes + corporate-event reversals
TVSMOTOR,TVS MOTOR COMPANY LTD,2/28/2023,MSCI India Standard (post-Feb-2023 review),Backtracked from INDA 2025-12-31 equities using official MSCI review changes + corporate-event reversals
ULTRACEMCO,ULTRATECH CEMENT LTD,2/28/2023,MSCI India Standard (post-Feb-2023 review),Backtracked from INDA 2025-12-31 equities using official MSCI review changes + corporate-event reversals
UNITDSPR,UNITED SPIRITS LTD,2/28/2023,MSCI India Standard (post-Feb-2023 review),Backtracked from INDA 2025-12-31 equities using official MSCI review changes + corporate-event reversals
UPL,UPL LTD,2/28/2023,MSCI India Standard (post-Feb-2023 review),Backtracked from INDA 2025-12-31 equities using official MSCI review changes + corporate-event reversals
VBL,VARUN BEVERAGES LTD,2/28/2023,MSCI India Standard (post-Feb-2023 review),Backtracked from INDA 2025-12-31 equities using official MSCI review changes + corporate-event reversals
VEDL,VEDANTA LTD,2/28/2023,MSCI India Standard (post-Feb-2023 review),Backtracked from INDA 2025-12-31 equities using official MSCI review changes + corporate-event reversals
WIPRO,WIPRO LTD,2/28/2023,MSCI India Standard (post-Feb-2023 review),Backtracked from INDA 2025-12-31 equities using official MSCI review changes + corporate-event reversals
YESBANK,YES BANK LTD,2/28/2023,MSCI India Standard (post-Feb-2023 review),Backtracked from INDA 2025-12-31 equities using official MSCI review changes + corporate-event reversals
ZOMATO,ZOMATO LTD,2/28/2023,MSCI India Standard (post-Feb-2023 review),Backtracked from INDA 2025-12-31 equities using official MSCI review changes + corporate-event reversals
HDFCBANK,HDFC BANK LTD,2/28/2023,MSCI India Standard (post-Feb-2023 review),Backtracked from INDA 2025-12-31 equities using official MSCI review changes + corporate-event reversals
