security_id,nse_symbol,reason
SEC000004,3BBLACKBIO,NO_USABLE_SHARES
SEC000022,ABANSENT,NO_USABLE_SHARES
SEC000024,ABBOTINDIA,NO_USABLE_SHARES
SEC000031,ABMKNO,NO_USABLE_SHARES
SEC000038,ACGL,NO_USABLE_SHARES
SEC000042,ACSTECH,NO_USABLE_SHARES
SEC000049,ADDIND,NO_USABLE_SHARES
SEC000060,ADVIKCA,NO_USABLE_SHARES
SEC000094,AKCAPIT,NO_USABLE_SHARES
SEC000102,ALFREDHE,NO_USABLE_SHARES
SEC000115,ALUFLUOR,NO_USABLE_SHARES
SEC000117,AMAL,NO_USABLE_SHARES
SEC000118,AMARJOTHI,NO_USABLE_SHARES
SEC000119,AMBALALSA,NO_USABLE_SHARES
SEC000132,ANDREWYU,NO_USABLE_SHARES
SEC000137,ANSALBU,NO_USABLE_SHARES
SEC000155,APOORVA,NO_USABLE_SHARES
SEC000160,ARCL,NO_USABLE_SHARES
SEC000180,ARYAMAN,NO_USABLE_SHARES
SEC000194,ASIANTNE,NO_USABLE_SHARES
SEC000197,ASSAMENT,NO_USABLE_SHARES
SEC000198,ASTAR,NO_USABLE_SHARES
SEC000220,AUSTENG,NO_USABLE_SHARES
SEC000224,AVANCE,NO_USABLE_SHARES
SEC000237,AXTEL,NO_USABLE_SHARES
SEC000241,AZADIND,NO_USABLE_SHARES
SEC000253,BAJAJST,NO_USABLE_SHARES
SEC000278,BATLIBOI,NO_USABLE_SHARES
SEC000279,BAYERCROP,NO_USABLE_SHARES
SEC000292,BEEKAY,NO_USABLE_SHARES
SEC000297,BENARAS,NO_USABLE_SHARES
SEC000298,BENGALASM,NO_USABLE_SHARES
SEC000319,BIMETAL,NO_USABLE_SHARES
SEC000325,BIRLAPREC,NO_USABLE_SHARES
SEC000330,BLIL,NO_USABLE_SHARES
SEC000335,BLUECLOUDS,NO_USABLE_SHARES
SEC000342,BNAGROCHEM,NO_USABLE_SHARES
SEC000354,BPLPHARMA,NO_USABLE_SHARES
SEC000355,BRAHMINFRA,NO_USABLE_SHARES
SEC000358,BRIGHTBR,NO_USABLE_SHARES
SEC000407,CFEL,NO_USABLE_SHARES
SEC000410,CGVAK,NO_USABLE_SHARES
SEC000414,CHEMCRUX,NO_USABLE_SHARES
SEC000438,COCKERILL,NO_USABLE_SHARES
SEC000442,COMFINTE,NO_USABLE_SHARES
SEC000443,COMPEAU,NO_USABLE_SHARES
SEC000461,CRAVATEX,NO_USABLE_SHARES
SEC000469,CRSL,NO_USABLE_SHARES
SEC000483,DAICHI,NO_USABLE_SHARES
SEC000507,DECNGOLD,NO_USABLE_SHARES
SEC000509,DEEP,NO_USABLE_SHARES
SEC000523,DHABRIYA,NO_USABLE_SHARES
SEC000528,DHATRE,NO_USABLE_SHARES
SEC000540,DISAQ,NO_USABLE_SHARES
SEC000558,DRAGARWQ,NO_USABLE_SHARES
SEC000572,EASTWEST,NO_USABLE_SHARES
SEC000574,EBIX,NO_USABLE_SHARES
SEC000576,ECORECO,NO_USABLE_SHARES
SEC000586,EKI,NO_USABLE_SHARES
SEC000587,ELANTAS,NO_USABLE_SHARES
SEC000588,ELCIDIN,NO_USABLE_SHARES
SEC000596,ELITECON,NO_USABLE_SHARES
SEC000598,ELPROINTL,NO_USABLE_SHARES
SEC000606,EMPIND,NO_USABLE_SHARES
SEC000607,EMPOWER,NO_USABLE_SHARES
SEC000614,ENKEIWHEL,NO_USABLE_SHARES
SEC000646,FEDDERSHOL,NO_USABLE_SHARES
SEC000670,FREDUN,NO_USABLE_SHARES
SEC000671,FRONTSP,NO_USABLE_SHARES
SEC000709,GKB,NO_USABLE_SHARES
SEC000731,GNRL,NO_USABLE_SHARES
SEC000747,GOODYEAR,NO_USABLE_SHARES
SEC000755,GRANDOAK,NO_USABLE_SHARES
SEC000759,GRAUWEIL,NO_USABLE_SHARES
SEC000760,GRAVISSHO,NO_USABLE_SHARES
SEC000797,HAMPTON,NO_USABLE_SHARES
SEC000808,HAWKINCOOK,NO_USABLE_SHARES
SEC000809,HAZOOR,NO_USABLE_SHARES
SEC000810,HBESD,NO_USABLE_SHARES
SEC000812,HBPOR,NO_USABLE_SHARES
SEC000841,HINDADH,NO_USABLE_SHARES
SEC000843,HINDALUMI,NO_USABLE_SHARES
SEC000866,HRYNSHP,NO_USABLE_SHARES
SEC000923,INDOKEM,NO_USABLE_SHARES
SEC000931,INDPRUD,NO_USABLE_SHARES
SEC000959,IPRINGLTD,NO_USABLE_SHARES
SEC000971,ISTLTD,NO_USABLE_SHARES
SEC000976,ITL,NO_USABLE_SHARES
SEC000979,IWP,NO_USABLE_SHARES
SEC000998,JENBURPH,NO_USABLE_SHARES
SEC001022,JNPR,NO_USABLE_SHARES
SEC001045,JYOTIRES,NO_USABLE_SHARES
SEC001054,KAMAHOLD,NO_USABLE_SHARES
SEC001055,KAMANWALA,NO_USABLE_SHARES
SEC001059,KANCHI,NO_USABLE_SHARES
SEC001060,KANCOTEA,NO_USABLE_SHARES
SEC001076,KENNAMET,NO_USABLE_SHARES
SEC001087,KIRANVYPAR,NO_USABLE_SHARES
SEC001089,KIRLFER,NO_USABLE_SHARES
SEC001096,KJMCFIN,NO_USABLE_SHARES
SEC001098,KLBRENG-B,NO_USABLE_SHARES
SEC001099,KMCSHIL,NO_USABLE_SHARES
SEC001112,KOTIC,NO_USABLE_SHARES
SEC001113,KOVAI,NO_USABLE_SHARES
SEC001118,KPL,NO_USABLE_SHARES
SEC001135,KSE,NO_USABLE_SHARES
SEC001145,LADDERUP,NO_USABLE_SHARES
SEC001147,LAHOTIOV,NO_USABLE_SHARES
SEC001148,LAKSHMIMIL,NO_USABLE_SHARES
SEC001152,LANCER,NO_USABLE_SHARES
SEC001168,LEENEE,NO_USABLE_SHARES
SEC001185,LKPSEC,NO_USABLE_SHARES
SEC001192,LOTUSCHO,NO_USABLE_SHARES
SEC001212,MADHAVIPL,NO_USABLE_SHARES
SEC001214,MAFATIND,NO_USABLE_SHARES
SEC001225,MAKERSL,NO_USABLE_SHARES
SEC001236,MANBRO,NO_USABLE_SHARES
SEC001271,MCCHRLS-B,NO_USABLE_SHARES
SEC001279,MEDICAPQ,NO_USABLE_SHARES
SEC001285,MENNPIS,NO_USABLE_SHARES
SEC001286,MERCANTILE,NO_USABLE_SHARES
SEC001289,METROGLOBL,NO_USABLE_SHARES
SEC001297,MIIL,NO_USABLE_SHARES
SEC001299,MINALIND,NO_USABLE_SHARES
SEC001304,MKEXIM,NO_USABLE_SHARES
SEC001306,MLKFOOD,NO_USABLE_SHARES
SEC001310,MMWL,NO_USABLE_SHARES
SEC001315,MOHITE,NO_USABLE_SHARES
SEC001330,MPDL,NO_USABLE_SHARES
SEC001335,MSL,NO_USABLE_SHARES
SEC001343,MUKESHB,NO_USABLE_SHARES
SEC001354,MYSORPETRO,NO_USABLE_SHARES
SEC001368,NATIONSTD,NO_USABLE_SHARES
SEC001384,NEAGI,NO_USABLE_SHARES
SEC001404,NICCOPAR,NO_USABLE_SHARES
SEC001409,NILE,NO_USABLE_SHARES
SEC001416,NIRLON,NO_USABLE_SHARES
SEC001420,NITTAGELA,NO_USABLE_SHARES
SEC001428,NOVARTIND,NO_USABLE_SHARES
SEC001434,NTCIND,NO_USABLE_SHARES
SEC001445,ODYCORP,NO_USABLE_SHARES
SEC001455,ONEGLOBAL,NO_USABLE_SHARES
SEC001460,ONIXSOLAR,NO_USABLE_SHARES
SEC001463,OPTIFIN,NO_USABLE_SHARES
SEC001475,ORIRAIL,NO_USABLE_SHARES
SEC001484,PACIFICI,NO_USABLE_SHARES
SEC001491,PANCHMAHQ,NO_USABLE_SHARES
SEC001492,PANORAMA,NO_USABLE_SHARES
SEC001502,PARNAXLAB,NO_USABLE_SHARES
SEC001510,PBMPOLY,NO_USABLE_SHARES
SEC001517,PERMAGN,NO_USABLE_SHARES
SEC001529,PHOENXINTL,NO_USABLE_SHARES
SEC001545,PML,NO_USABLE_SHARES
SEC001555,POEL,NO_USABLE_SHARES
SEC001561,POLYSPIN,NO_USABLE_SHARES
SEC001574,PRAVEG,NO_USABLE_SHARES
SEC001579,PREMCO,NO_USABLE_SHARES
SEC001588,PRISMX,NO_USABLE_SHARES
SEC001610,QUINT,NO_USABLE_SHARES
SEC001622,RAJPALAYAM,NO_USABLE_SHARES
SEC001696,RRECL,NO_USABLE_SHARES
SEC001697,RRIL,NO_USABLE_SHARES
SEC001704,RTSPOWR,NO_USABLE_SHARES
SEC001718,SAB,NO_USABLE_SHARES
SEC001726,SAICAPI,NO_USABLE_SHARES
SEC001738,SAMBANDAM,NO_USABLE_SHARES
SEC001755,SAPPL,NO_USABLE_SHARES
SEC001764,SAYAJIHOTL,NO_USABLE_SHARES
SEC001765,SAYAJIIND,NO_USABLE_SHARES
SEC001786,SEIL,NO_USABLE_SHARES
SEC001788,SEKURITIND,NO_USABLE_SHARES
SEC001801,SGLRES,NO_USABLE_SHARES
SEC001803,SGRL,NO_USABLE_SHARES
SEC001817,SHBAJRG,NO_USABLE_SHARES
SEC001818,SHERVANI,NO_USABLE_SHARES
SEC001820,SHILGRAVQ,NO_USABLE_SHARES
SEC001822,SHINDL,NO_USABLE_SHARES
SEC001824,SHIVAAGRO,NO_USABLE_SHARES
SEC001825,SHIVACEM,NO_USABLE_SHARES
SEC001831,SHRADDHA,NO_USABLE_SHARES
SEC001839,SHRIKRISH,NO_USABLE_SHARES
SEC001844,SHRJAGP,NO_USABLE_SHARES
SEC001845,SHUKRAPHAR,NO_USABLE_SHARES
SEC001848,SICAGEN,NO_USABLE_SHARES
SEC001849,SIEL,NO_USABLE_SHARES
SEC001857,SIKA,NO_USABLE_SHARES
SEC001864,SIMPLXREA,NO_USABLE_SHARES
SEC001895,SONAL,NO_USABLE_SHARES
SEC001905,SPELS,NO_USABLE_SHARES
SEC001917,SRIKPRIND,NO_USABLE_SHARES
SEC001934,STLSTRINF,NO_USABLE_SHARES
SEC001948,SUMEDHA,NO_USABLE_SHARES
SEC001959,SUNLOC,NO_USABLE_SHARES
SEC001961,SUNRAKSHAK,NO_USABLE_SHARES
SEC001962,SUNSHIEL,NO_USABLE_SHARES
SEC001971,SUPTANERY,NO_USABLE_SHARES
SEC001977,SURYALA,NO_USABLE_SHARES
SEC001985,SVGLOBAL,NO_USABLE_SHARES
SEC001990,SWARNSAR,NO_USABLE_SHARES
SEC001993,SWISSMLTRY,NO_USABLE_SHARES
SEC001999,TAALTECH,NO_USABLE_SHARES
SEC002004,TANAA,NO_USABLE_SHARES
SEC002036,TECHNVISN,NO_USABLE_SHARES
SEC002042,TERAI,NO_USABLE_SHARES
SEC002050,TGVSL,NO_USABLE_SHARES
SEC002051,THAKDEV,NO_USABLE_SHARES
SEC002067,TIMEX,NO_USABLE_SHARES
SEC002087,TOYAMSL,NO_USABLE_SHARES
SEC002091,TRANSCOR,NO_USABLE_SHARES
SEC002101,TRITONV,NO_USABLE_SHARES
SEC002112,TUTIALKA,NO_USABLE_SHARES
SEC002121,UDAYJEW,NO_USABLE_SHARES
SEC002130,ULTRAMAR,NO_USABLE_SHARES
SEC002145,UPHOT,NO_USABLE_SHARES
SEC002157,VADILENT,NO_USABLE_SHARES
SEC002166,VASUPRADA,NO_USABLE_SHARES
SEC002169,VEDAVAAG,NO_USABLE_SHARES
SEC002178,VGCL,NO_USABLE_SHARES
SEC002185,VIJSOLX,NO_USABLE_SHARES
SEC002199,VIRAT,NO_USABLE_SHARES
SEC002201,VIRTUALG,NO_USABLE_SHARES
SEC002204,VISHAL,NO_USABLE_SHARES
SEC002209,VIVOBIOT,NO_USABLE_SHARES
SEC002217,VOITHPAPR,NO_USABLE_SHARES
SEC002228,VTMLTD,NO_USABLE_SHARES
SEC002236,WARDINMOBI,NO_USABLE_SHARES
SEC002237,WATERBASE,NO_USABLE_SHARES
SEC002245,WELSPLSOL,NO_USABLE_SHARES
SEC002251,WHBRADY,NO_USABLE_SHARES
SEC002262,WPIL,NO_USABLE_SHARES
SEC002269,XTRANET,NO_USABLE_SHARES
SEC002274,YOGI,NO_USABLE_SHARES
SEC002284,ZFSTEERING,NO_USABLE_SHARES
SEC002289,ZSARACOM,NO_USABLE_SHARES
